Workbook
Name Tiles: 'Accepted Drops'!$B$84:$B$328
Name AllPrices: 'Accepted Drops'!$AC$83:$AF$331
Name Boss: 'Ultimate Breakdown'!$A$39:$A$93
Name BossLookup: 'Ultimate Breakdown'!$A$39:$B$93
Name AllDrops: 'Accepted Drops'!$AG$83:$AQ$331
Name BossCode: 'Ultimate Breakdown'!$B$39:$B$93

Sheet Board
AJ10: ="Points Tally: " & AF53 -> Points Tally: 596
C13: =IF('Accepted Drops'!J3>='Accepted Drops'!L3,IMAGE("https://summerbingo.s.gy/angelCompleteLow",2),IMAGE("https://summerbingo.s.gy/angel" & 'Accepted Drops'!J3,2)) | H13: =IF('Accepted Drops'!T3>='Accepted Drops'!V3,IMAGE("https://summerbingo.s.gy/hueyCompleteLow",2),IMAGE("https://summerbingo.s.gy/huey" & 'Accepted Drops'!T3,2)) | M13: =IF('Accepted Drops'!AD3>='Accepted Drops'!AF3,IMAGE("https://summerbingo.s.gy/guardiansCompleteMed",2),IMAGE("https://summerbingo.s.gy/guardians" & 'Accepted Drops'!AD3,2)) | R13: =IF('Accepted Drops'!AN3>='Accepted Drops'!AP3,IMAGE("https://summerbingo.s.gy/tdsCompleteMed",2),IMAGE("https://summerbingo.s.gy/tds" & 'Accepted Drops'!AN3,2)) | W13: =IF('Accepted Drops'!AX3>='Accepted Drops'!AZ3,IMAGE("https://summerbingo.s.gy/cerbCompleteHigh",2),IMAGE("https://summerbingo.s.gy/cerb" & 'Accepted Drops'!AX3,2)) | AB13: =IF('Accepted Drops'!BH3>='Accepted Drops'!BJ3,IMAGE("https://summerbingo.s.gy/coxCompleteHigh",2),IMAGE("https://summerbingo.s.gy/cox" & 'Accepted Drops'!BH3,2))
AK16: RULESET AND POINTS
C18: =IF('Accepted Drops'!J9>='Accepted Drops'!L9,IMAGE("https://summerbingo.s.gy/bootsCompleteMed",2),IMAGE("https://summerbingo.s.gy/boots" & 'Accepted Drops'!J9,2)) | H18: =IF('Accepted Drops'!T10>='Accepted Drops'!V10,IMAGE("https://summerbingo.s.gy/yamaCompleteHigh",2),IMAGE("https://summerbingo.s.gy/yama" & 'Accepted Drops'!T10,2)) | M18: =IF('Accepted Drops'!AD13>='Accepted Drops'!AF13,IMAGE("https://summerbingo.s.gy/tempoCompleteLow",2),IMAGE("https://summerbingo.s.gy/tempo" & 'Accepted Drops'!AD13,2)) | R18: =IF('Accepted Drops'!AN8>='Accepted Drops'!AP8,IMAGE("https://summerbingo.s.gy/tobCompleteHigh",2),IMAGE("https://summerbingo.s.gy/tob" & 'Accepted Drops'!AN8,2)) | W18: =IF('Accepted Drops'!AX12>='Accepted Drops'!AZ12,IMAGE("https://summerbingo.s.gy/mortimerCompleteMed",2),IMAGE("https://summerbingo.s.gy/mortimer" & 'Accepted Drops'!AX12,2)) | AB18: =IF('Accepted Drops'!BH20>='Accepted Drops'!BJ20,IMAGE("https://summerbingo.s.gy/gorillasCompleteMed",2),IMAGE("https://summerbingo.s.gy/gorillas" & 'Accepted Drops'!BH20,2)) | AK18: 1. Easy Tiles (yellow) = 5 points 2. Medium Tiles (orange) = 10 points 3. Hard Tiles (red) = 20 points 4. 30 bonus points for a row or column completion. Please see 'Accepted Drops' tab for details on accepted uniques and how much they contribute towards tile completion (e.g. Araxxor tile requires 12 'points' to complete which can be 4 nally pieces and 1 araxyte head and 1 jar of venom). - If you go over the 'point' requirement to complete a tile, this does not award additional score. Tiles with a ✅ require pre-verification screenshots before submissions are accepted. Bonus Tiles: - These tiles exist in case there are any keen PvMers out there willing to flex their skills. Points are awarded per unique. - Receiving a jar / pet / megarare will contribute to the main tile completion and award bonus points. - Only 1 Chompy Chick, Beef, Skotos, Pet Chaos Elemental, Jar of Dirt, Jar of Light and Jar of Darkness will contribute bonus points per team. - Each bonus tile can award a maximum of 20 bonus points. Additional Notes: - DT2 vestige drops require additional screenshots of 2 sets of gold ring drops (i.e. 1x gold ring and 2x gold rings). - Mortimer is just the theme. Tasks can be from any slayer master. - Double pickpocket with Rogue's set does not contribute additional completions. - Buying fletching knife from Vale Totems shop will not count as a game notification will not be given.
C23: =IF('Accepted Drops'!J17>='Accepted Drops'!L17,IMAGE("https://summerbingo.s.gy/gwdCompleteHigh",2),IMAGE("https://summerbingo.s.gy/gwd" & 'Accepted Drops'!J17,2)) | H23: =IF('Accepted Drops'!T16>='Accepted Drops'!V16,IMAGE("https://summerbingo.s.gy/vorkathCompleteMed",2),IMAGE("https://summerbingo.s.gy/vorkath" & 'Accepted Drops'!T16,2)) | M23: =IF('Accepted Drops'!AD23>='Accepted Drops'!AF23,IMAGE("https://summerbingo.s.gy/toaCompleteHigh",2),IMAGE("https://summerbingo.s.gy/toa" & 'Accepted Drops'!AD23,2)) | R23: =IF('Accepted Drops'!AN21>='Accepted Drops'!AP21,IMAGE("https://summerbingo.s.gy/GOTRCompleteLow",2),IMAGE("https://summerbingo.s.gy/GOTR" & 'Accepted Drops'!AN21,2)) | W23: =IF('Accepted Drops'!AX39>='Accepted Drops'!AZ39,IMAGE("https://summerbingo.s.gy/muspahCompleteMed",2),IMAGE("https://summerbingo.s.gy/muspah" & 'Accepted Drops'!AX39,2)) | AB23: =IF('Accepted Drops'!BH29>='Accepted Drops'!BJ29,IMAGE("https://summerbingo.s.gy/titansCompleteLow",2),IMAGE("https://summerbingo.s.gy/titans" & 'Accepted Drops'!BH29,2))
C28: =IF('Accepted Drops'!J37>='Accepted Drops'!L37,IMAGE("https://summerbingo.s.gy/wtCompleteLow",2),IMAGE("https://summerbingo.s.gy/wt" & 'Accepted Drops'!J37,2)) | H28: =IF('Accepted Drops'!T25>='Accepted Drops'!V25,IMAGE("https://summerbingo.s.gy/araxxorCompleteHigh",2),IMAGE("https://summerbingo.s.gy/araxxor" & 'Accepted Drops'!T25,2)) | M28: =IF('Accepted Drops'!AD32>='Accepted Drops'!AF32,IMAGE("https://summerbingo.s.gy/zulrahCompleteMed",2),IMAGE("https://summerbingo.s.gy/zulrah" & 'Accepted Drops'!AD32,2)) | R28: =IF('Accepted Drops'!AN30>='Accepted Drops'!AP30,IMAGE("https://summerbingo.s.gy/zombiesCompleteLow",2),IMAGE("https://summerbingo.s.gy/zombies" & 'Accepted Drops'!AN30,2)) | W28: =IF('Accepted Drops'!AX44>='Accepted Drops'!AZ44,IMAGE("https://summerbingo.s.gy/doomCompleteHigh",2),IMAGE("https://summerbingo.s.gy/doom" & 'Accepted Drops'!AX44,2)) | AB28: =IF('Accepted Drops'!BH37>='Accepted Drops'!BJ37,IMAGE("https://summerbingo.s.gy/sireCompleteMed",2),IMAGE("https://summerbingo.s.gy/sire" & 'Accepted Drops'!BH37,2))
C33: =IF('Accepted Drops'!J43>='Accepted Drops'!L43,IMAGE("https://summerbingo.s.gy/hydraCompleteHigh",2),IMAGE("https://summerbingo.s.gy/hydra" & 'Accepted Drops'!J43,2)) | H33: =IF('Accepted Drops'!T33>='Accepted Drops'!V33,IMAGE("https://summerbingo.s.gy/zalcanoCompleteMed",2),IMAGE("https://summerbingo.s.gy/zalcano" & 'Accepted Drops'!T33,2)) | M33: =IF('Accepted Drops'!AD42>='Accepted Drops'!AF42,IMAGE("https://summerbingo.s.gy/scurriusCompleteLow",2),IMAGE("https://summerbingo.s.gy/scurrius" & 'Accepted Drops'!AD42,2)) | R33: =IF('Accepted Drops'!AN35>='Accepted Drops'!AP35,IMAGE("https://summerbingo.s.gy/gauntletCompleteMed",2),IMAGE("https://summerbingo.s.gy/gauntlet" & 'Accepted Drops'!AN35,2)) | W33: =IF('Accepted Drops'!AX52>='Accepted Drops'!AZ52,IMAGE("https://summerbingo.s.gy/toolsCompleteLow",2),IMAGE("https://summerbingo.s.gy/tools" & 'Accepted Drops'!AX52,2)) | AB33: =IF('Accepted Drops'!BH41>='Accepted Drops'!BJ41,IMAGE("https://summerbingo.s.gy/maggotCompleteHigh",2),IMAGE("https://summerbingo.s.gy/maggot" & 'Accepted Drops'!BH41,2))
C38: =IF('Accepted Drops'!J52>='Accepted Drops'!L52,IMAGE("https://summerbingo.s.gy/thievingCompleteMed",2),IMAGE("https://summerbingo.s.gy/thieving" & 'Accepted Drops'!J52,2)) | H38: =IF('Accepted Drops'!T40>='Accepted Drops'!V40,IMAGE("https://summerbingo.s.gy/barrowsCompleteLow",2),IMAGE("https://summerbingo.s.gy/barrows" & 'Accepted Drops'!T40,2)) | M38: =IF('Accepted Drops'!AD47>='Accepted Drops'!AF47,IMAGE("https://summerbingo.s.gy/dt2_CompleteHigh",2),IMAGE("https://summerbingo.s.gy/dt2_" & 'Accepted Drops'!AD47,2)) | R38: =IF('Accepted Drops'!AN42>='Accepted Drops'!AP42,IMAGE("https://summerbingo.s.gy/wildCompleteHigh",2),IMAGE("https://summerbingo.s.gy/wild" & 'Accepted Drops'!AN42,2)) | W38: =IF('Accepted Drops'!AX58>='Accepted Drops'!AZ58,IMAGE("https://summerbingo.s.gy/dksCompleteMed",2),IMAGE("https://summerbingo.s.gy/dks" & 'Accepted Drops'!AX58,2)) | AB38: =IF('Accepted Drops'!BH47>='Accepted Drops'!BJ47,IMAGE("https://summerbingo.s.gy/moonsCompleteLow",2),IMAGE("https://summerbingo.s.gy/moons" & 'Accepted Drops'!BH47,2))
C45: =IMAGE("https://summerbingo.s.gy/nex" & 'Accepted Drops'!AO69,2) | H45: =IMAGE("https://summerbingo.s.gy/pnm" & 'Accepted Drops'!AE69,2) | M45: =IMAGE("https://summerbingo.s.gy/mega" & 'Accepted Drops'!U69,2) | R45: =IMAGE("https://summerbingo.s.gy/jpet" & 'Accepted Drops'!K69,2) | W45: =IMAGE("https://summerbingo.s.gy/colo" & 'Accepted Drops'!BI69,2) | AB45: =IMAGE("https://summerbingo.s.gy/corp" & 'Accepted Drops'!AY69,2)
AF53: =SUM(C55,H55,M55,R55,W55,AB55,AG55,C60,H60,M60,R60,W60,AB60,AG60,C65,H65,M65,R65,W65,AB65,AG65,C70,H70,M70,R70,W70,AB70,AG70,C75,H75,M75,R75,W75,AB75,AG75,C80,H80,M80,R80,W80,AB80,AG80,C85,H85,M85,R85,W85,AB85,C87,H87,M87,R87,W87,AB87) -> 596
C55: =IF('Accepted Drops'!J3>='Accepted Drops'!L3, 5, "") -> 5 | H55: =IF('Accepted Drops'!T3>='Accepted Drops'!V3, 5, "") -> 5 | M55: =IF('Accepted Drops'!AD3>='Accepted Drops'!AF3, 10, "") -> 10 | R55: =IF('Accepted Drops'!AN3>='Accepted Drops'!AP3, 10, "") -> 10 | W55: =IF('Accepted Drops'!AX3>='Accepted Drops'!AZ3, 20, "") -> 20 | AB55: =IF('Accepted Drops'!BH3>='Accepted Drops'!BJ3, 20, "") -> 20 | AG55: =IF( (C55<>"") + (H55<>"") + (M55<>"") + (R55<>"") + (W55<>"") + (AB55<>"") = 6, 30, "" ) -> 30
C60: =IF('Accepted Drops'!J9>='Accepted Drops'!L9, 10, "") -> 10 | H60: =IF('Accepted Drops'!T10>='Accepted Drops'!V10, 20, "") | M60: =IF('Accepted Drops'!AD13>='Accepted Drops'!AF13, 5, "") -> 5 | R60: =IF('Accepted Drops'!AN8>='Accepted Drops'!AP8, 20, "") | W60: =IF('Accepted Drops'!AX12>='Accepted Drops'!AZ12, 10, "") -> 10 | AB60: =IF('Accepted Drops'!BH20>='Accepted Drops'!BJ20, 10, "") -> 10 | AG60: =IF( (C60<>"") + (H60<>"") + (M60<>"") + (R60<>"") + (W60<>"") + (AB60<>"") = 6, 30, "" )
C65: =IF('Accepted Drops'!J17>='Accepted Drops'!L17, 20, "") -> 20 | H65: =IF('Accepted Drops'!T16>='Accepted Drops'!V16, 10, "") -> 10 | M65: =IF('Accepted Drops'!AD23>='Accepted Drops'!AF23, 20, "") -> 20 | R65: =IF('Accepted Drops'!AN21>='Accepted Drops'!AP21, 5, "") -> 5 | W65: =IF('Accepted Drops'!AX39>='Accepted Drops'!AZ39, 10, "") -> 10 | AB65: =IF('Accepted Drops'!BH29>='Accepted Drops'!BJ29, 5, "") -> 5 | AG65: =IF( (C65<>"") + (H65<>"") + (M65<>"") + (R65<>"") + (W65<>"") + (AB65<>"") = 6, 30, "" ) -> 30
C70: =IF('Accepted Drops'!J37>='Accepted Drops'!L37, 5, "") -> 5 | H70: =IF('Accepted Drops'!T25>='Accepted Drops'!V25, 20, "") -> 20 | M70: =IF('Accepted Drops'!AD32>='Accepted Drops'!AF32, 10, "") -> 10 | R70: =IF('Accepted Drops'!AN30>='Accepted Drops'!AP30, 5, "") -> 5 | W70: =IF('Accepted Drops'!AX44>='Accepted Drops'!AZ44, 20, "") -> 20 | AB70: =IF('Accepted Drops'!BH37>='Accepted Drops'!BJ37, 10, "") -> 10 | AG70: =IF( (C70<>"") + (H70<>"") + (M70<>"") + (R70<>"") + (W70<>"") + (AB70<>"") = 6, 30, "" ) -> 30
C75: =IF('Accepted Drops'!J43>='Accepted Drops'!L43, 20, "") -> 20 | H75: =IF('Accepted Drops'!T33>='Accepted Drops'!V33, 10, "") -> 10 | M75: =IF('Accepted Drops'!AD42>='Accepted Drops'!AF42, 5, "") -> 5 | R75: =IF('Accepted Drops'!AN35>='Accepted Drops'!AP35, 10, "") -> 10 | W75: =IF('Accepted Drops'!AX52>='Accepted Drops'!AZ52, 5, "") -> 5 | AB75: =IF('Accepted Drops'!BH41>='Accepted Drops'!BJ41, 20, "") | AG75: =IF( (C75<>"") + (H75<>"") + (M75<>"") + (R75<>"") + (W75<>"") + (AB75<>"") = 6, 30, "" )
C80: =IF('Accepted Drops'!J52>='Accepted Drops'!L52, 10, "") -> 10 | H80: =IF('Accepted Drops'!T40>='Accepted Drops'!V40, 5, "") -> 5 | M80: =IF('Accepted Drops'!AD47>='Accepted Drops'!AF47, 20, "") -> 20 | R80: =IF('Accepted Drops'!AN42>='Accepted Drops'!AP42, 20, "") -> 20 | W80: =IF('Accepted Drops'!AX58>='Accepted Drops'!AZ58, 10, "") -> 10 | AB80: =IF('Accepted Drops'!BH47>='Accepted Drops'!BJ47, 5, "") -> 5 | AG80: =IF( (C80<>"") + (H80<>"") + (M80<>"") + (R80<>"") + (W80<>"") + (AB80<>"") = 6, 30, "" ) -> 30
C85: =IF( (C55<>"") + (C60<>"") + (C65<>"") + (C70<>"") + (C75<>"") + (C80<>"") = 6, 30, "" ) -> 30 | H85: =IF( (H55<>"") + (H60<>"") + (H65<>"") + (H70<>"") + (H75<>"") + (H80<>"") = 6, 30, "" ) | M85: =IF( (M55<>"") + (M60<>"") + (M65<>"") + (M70<>"") + (M75<>"") + (M80<>"") = 6, 30, "" ) -> 30 | R85: =IF( (R55<>"") + (R60<>"") + (R65<>"") + (R70<>"") + (R75<>"") + (R80<>"") = 6, 30, "" ) | W85: =IF( (W55<>"") + (W60<>"") + (W65<>"") + (W70<>"") + (W75<>"") + (W80<>"") = 6, 30, "" ) -> 30 | AB85: =IF( (AB55<>"") + (AB60<>"") + (AB65<>"") + (AB70<>"") + (AB75<>"") + (AB80<>"") = 6, 30, "" )
C87: ='Accepted Drops'!AO69 -> 0 | H87: ='Accepted Drops'!AE69 -> 0 | M87: ='Accepted Drops'!U69 -> 0 | R87: ='Accepted Drops'!K69 -> 20 | W87: ='Accepted Drops'!BI69 -> 1 | AB87: ='Accepted Drops'!AY69 -> 0

Sheet Tile Breakdown
D1: =IFERROR(__xludf.DUMMYFUNCTION("IFERROR(FILTER('Individual Stats'!A:A,'Individual Stats'!Q:Q=""Steel Rings""),{""""})"),"")
C3: Mad Angel | D3: Hueycoatl | E3: Grotesque Guardians | F3: Tormented Demons | G3: Cerberus | H3: Chambers of Xeric
C4: =IFERROR(__xludf.DUMMYFUNCTION("TEXTJOIN(CHAR(10), TRUE, BYROW('Individual Stats'!$A3:$AW20, LAMBDA(r, LET( player, INDEX(r, 1), drops, CHOOSECOLS(r, SEQUENCE(1, 35, 12)), IF(player="""", """", TEXTJOIN(CHAR(10), TRUE, MAP(drops, LAMBDA(drop, IF(drop="""", """", IF(ISNUMBER(SEARCH(C3, "&""""" & drop)), player & "" - "" & TRIM(REGEXREPLACE("""" & drop, ""(?i)^"" & C3 & ""\s*[-–:]*\s*"", """")), """" ) ) )) ) ) ) )) )"),"FearBanana - Hallowfell FearBanana - Hallowfell FearBanana - Hallowfell FearBanana - Hallowfell FearBanana - Hallowfell FearBanana - Hallowfell") -> FearBanana - Hallowfell FearBanana - Hallowfell FearBanana - Hallowfell FearBanana - Hallowfell FearBanana - Hallowfell FearBanana - Hallowfell | D4: =IFERROR(__xludf.DUMMYFUNCTION("TEXTJOIN(CHAR(10), TRUE, BYROW('Individual Stats'!$A3:$AW20, LAMBDA(r, LET( player, INDEX(r, 1), drops, CHOOSECOLS(r, SEQUENCE(1, 35, 12)), IF(player="""", """", TEXTJOIN(CHAR(10), TRUE, MAP(drops, LAMBDA(drop, IF(drop="""", """", IF(ISNUMBER(SEARCH(D3, "&""""" & drop)), player & "" - "" & TRIM(REGEXREPLACE("""" & drop, ""(?i)^"" & D3 & ""\s*[-–:]*\s*"", """")), """" ) ) )) ) ) ) )) )"),"FearBanana - Hueycoatl Hide HareForceOne - Hueycoatl Hide IronDresser - Tome of Earth IronDresser - Hueycoatl Hide JaysunMimosa - Tome of Earth The Beaks - Tome of Earth") -> FearBanana - Hueycoatl Hide HareForceOne - Hueycoatl Hide IronDresser - Tome of Earth IronDresser - Hueycoatl Hide JaysunMimosa - Tome of Earth The Beaks - Tome of Earth | E4: =IFERROR(__xludf.DUMMYFUNCTION("TEXTJOIN(CHAR(10), TRUE, BYROW('Individual Stats'!$A3:$AW20, LAMBDA(r, LET( player, INDEX(r, 1), drops, CHOOSECOLS(r, SEQUENCE(1, 35, 12)), IF(player="""", """", TEXTJOIN(CHAR(10), TRUE, MAP(drops, LAMBDA(drop, IF(drop="""", """", IF(ISNUMBER(SEARCH(E3, "&""""" & drop)), player & "" - "" & TRIM(REGEXREPLACE("""" & drop, ""(?i)^"" & E3 & ""\s*[-–:]*\s*"", """")), """" ) ) )) ) ) ) )) )"),"Foresto - Granite Gloves Foresto - Black Tourmaline Core OdinswrathUN - Granite Ring OdinswrathUN - Granite Maul OdinswrathUN - Granite Maul Suntj - Granite Maul Suntj - Granite Ring") -> Foresto - Granite Gloves Foresto - Black Tourmaline Core OdinswrathUN - Granite Ring OdinswrathUN - Granite Maul OdinswrathUN - Granite Maul Suntj - Granite Maul Suntj - Granite Ring | F4: =IFERROR(__xludf.DUMMYFUNCTION("TEXTJOIN(CHAR(10), TRUE, BYROW('Individual Stats'!$A3:$AW20, LAMBDA(r, LET( player, INDEX(r, 1), drops, CHOOSECOLS(r, SEQUENCE(1, 35, 12)), IF(player="""", """", TEXTJOIN(CHAR(10), TRUE, MAP(drops, LAMBDA(drop, IF(drop="""", """", IF(ISNUMBER(SEARCH(F3, "&""""" & drop)), player & "" - "" & TRIM(REGEXREPLACE("""" & drop, ""(?i)^"" & F3 & ""\s*[-–:]*\s*"", """")), """" ) ) )) ) ) ) )) )"),"JamesMokka - Tormented Synapse Pavlovs dog - Tormented Synapse Swordfish ll - Burning Claw") -> JamesMokka - Tormented Synapse Pavlovs dog - Tormented Synapse Swordfish ll - Burning Claw | G4: =IFERROR(__xludf.DUMMYFUNCTION("TEXTJOIN(CHAR(10), TRUE, BYROW('Individual Stats'!$A3:$AW20, LAMBDA(r, LET( player, INDEX(r, 1), drops, CHOOSECOLS(r, SEQUENCE(1, 35, 12)), IF(player="""", """", TEXTJOIN(CHAR(10), TRUE, MAP(drops, LAMBDA(drop, IF(drop="""", """", IF(ISNUMBER(SEARCH(G3, "&""""" & drop)), player & "" - "" & TRIM(REGEXREPLACE("""" & drop, ""(?i)^"" & G3 & ""\s*[-–:]*\s*"", """")), """" ) ) )) ) ) ) )) )"),"Frangud - Smouldering Stone HareForceOne - Smouldering Stone HareForceOne - Eternal Crystal Lowbob PVM - Eternal Crystal Lowbob PVM - Smouldering Stone sfsd - Eternal Crystal") -> Frangud - Smouldering Stone HareForceOne - Smouldering Stone HareForceOne - Eternal Crystal Lowbob PVM - Eternal Crystal Lowbob PVM - Smouldering Stone sfsd - Eternal Crystal | H4: =IFERROR(__xludf.DUMMYFUNCTION("TEXTJOIN(CHAR(10), TRUE, BYROW('Individual Stats'!$A3:$AW20, LAMBDA(r, LET( player, INDEX(r, 1), drops, CHOOSECOLS(r, SEQUENCE(1, 35, 12)), IF(player="""", """", TEXTJOIN(CHAR(10), TRUE, MAP(drops, LAMBDA(drop, IF(drop="""", """", IF(ISNUMBER(SEARCH(H3, "&""""" & drop)), player & "" - "" & TRIM(REGEXREPLACE("""" & drop, ""(?i)^"" & H3 & ""\s*[-–:]*\s*"", """")), """" ) ) )) ) ) ) )) )"),"Iron bm king - Dexterous Prayer Scroll Iron bm king - Ancestral Piece (any) Iron bm king - Dexterous Prayer Scroll") -> Iron bm king - Dexterous Prayer Scroll Iron bm king - Ancestral Piece (any) Iron bm king - Dexterous Prayer Scroll
C5: Medium Boots | D5: Yama | E5: Tempoross | F5: Theatre of Blood | G5: Mortimer | H5: Demonic Gorillas
C6: =IFERROR(__xludf.DUMMYFUNCTION("TEXTJOIN(CHAR(10), TRUE, BYROW('Individual Stats'!$A3:$AW20, LAMBDA(r, LET( player, INDEX(r, 1), drops, CHOOSECOLS(r, SEQUENCE(1, 35, 12)), IF(player="""", """", TEXTJOIN(CHAR(10), TRUE, MAP(drops, LAMBDA(drop, IF(drop="""", """", IF(ISNUMBER(SEARCH(C5, "&""""" & drop)), player & "" - "" & TRIM(REGEXREPLACE("""" & drop, ""(?i)^"" & C5 & ""\s*[-–:]*\s*"", """")), """" ) ) )) ) ) ) )) )"),"em19em19 - Spiked Manacles Foresto - Ranger Boots Henacy - Holy Sandals UK HMRC - Climbing Boots (g) UK HMRC - Spiked Manacles") -> em19em19 - Spiked Manacles Foresto - Ranger Boots Henacy - Holy Sandals UK HMRC - Climbing Boots (g) UK HMRC - Spiked Manacles | D6: =IFERROR(__xludf.DUMMYFUNCTION("TEXTJOIN(CHAR(10), TRUE, BYROW('Individual Stats'!$A3:$AW20, LAMBDA(r, LET( player, INDEX(r, 1), drops, CHOOSECOLS(r, SEQUENCE(1, 35, 12)), IF(player="""", """", TEXTJOIN(CHAR(10), TRUE, MAP(drops, LAMBDA(drop, IF(drop="""", """", IF(ISNUMBER(SEARCH(D5, "&""""" & drop)), player & "" - "" & TRIM(REGEXREPLACE("""" & drop, ""(?i)^"" & D5 & ""\s*[-–:]*\s*"", """")), """" ) ) )) ) ) ) )) )"),"Papi Aksta - Soulflame Horn") -> Papi Aksta - Soulflame Horn | E6: =IFERROR(__xludf.DUMMYFUNCTION("TEXTJOIN(CHAR(10), TRUE, BYROW('Individual Stats'!$A3:$AW20, LAMBDA(r, LET( player, INDEX(r, 1), drops, CHOOSECOLS(r, SEQUENCE(1, 35, 12)), IF(player="""", """", TEXTJOIN(CHAR(10), TRUE, MAP(drops, LAMBDA(drop, IF(drop="""", """", IF(ISNUMBER(SEARCH(E5, "&""""" & drop)), player & "" - "" & TRIM(REGEXREPLACE("""" & drop, ""(?i)^"" & E5 & ""\s*[-–:]*\s*"", """")), """" ) ) )) ) ) ) )) )"),"ShermyX - Soaked Pages X 25 ShermyX - Tome of Water ShermyX - Soaked Pages X 25 ShermyX - Soaked Pages X 25 ShermyX - Soaked Pages X 25 ShermyX - Soaked Pages X 25 ShermyX - Soaked Pages X 25 ShermyX - Soaked Pages X 25 ShermyX - Soaked Pages X 25") -> ShermyX - Soaked Pages X 25 ShermyX - Tome of Water ShermyX - Soaked Pages X 25 ShermyX - Soaked Pages X 25 ShermyX - Soaked Pages X 25 ShermyX - Soaked Pages X 25 ShermyX - Soaked Pages X 25 ShermyX - Soaked Pages X 25 ShermyX - Soaked Pages X 25 | F6: =IFERROR(__xludf.DUMMYFUNCTION("TEXTJOIN(CHAR(10), TRUE, BYROW('Individual Stats'!$A3:$AW20, LAMBDA(r, LET( player, INDEX(r, 1), drops, CHOOSECOLS(r, SEQUENCE(1, 35, 12)), IF(player="""", """", TEXTJOIN(CHAR(10), TRUE, MAP(drops, LAMBDA(drop, IF(drop="""", """", IF(ISNUMBER(SEARCH(F5, "&""""" & drop)), player & "" - "" & TRIM(REGEXREPLACE("""" & drop, ""(?i)^"" & F5 & ""\s*[-–:]*\s*"", """")), """" ) ) )) ) ) ) )) )"),"") | G6: =IFERROR(__xludf.DUMMYFUNCTION("TEXTJOIN(CHAR(10), TRUE, BYROW('Individual Stats'!$A3:$AW20, LAMBDA(r, LET( player, INDEX(r, 1), drops, CHOOSECOLS(r, SEQUENCE(1, 35, 12)), IF(player="""", """", TEXTJOIN(CHAR(10), TRUE, MAP(drops, LAMBDA(drop, IF(drop="""", """", IF(ISNUMBER(SEARCH(G5, "&""""" & drop)), player & "" - "" & TRIM(REGEXREPLACE("""" & drop, ""(?i)^"" & G5 & ""\s*[-–:]*\s*"", """")), """" ) ) )) ) ) ) )) )"),"Foresto - Belle's Folly Frangud - Dragon Harpoon GIMhimejoshi - Abyssal Whip GIMhimejoshi - Abyssal Head MiaTheDuck3 - Leaf-bladed Sword MiaTheDuck3 - Leaf-bladed Sword MiaTheDuck3 - Leaf-bladed Sword Suntj - Basilisk Head Suntj - Basilisk Jaw") -> Foresto - Belle's Folly Frangud - Dragon Harpoon GIMhimejoshi - Abyssal Whip GIMhimejoshi - Abyssal Head MiaTheDuck3 - Leaf-bladed Sword MiaTheDuck3 - Leaf-bladed Sword MiaTheDuck3 - Leaf-bladed Sword Suntj - Basilisk Head Suntj - Basilisk Jaw | H6: =IFERROR(__xludf.DUMMYFUNCTION("TEXTJOIN(CHAR(10), TRUE, BYROW('Individual Stats'!$A3:$AW20, LAMBDA(r, LET( player, INDEX(r, 1), drops, CHOOSECOLS(r, SEQUENCE(1, 35, 12)), IF(player="""", """", TEXTJOIN(CHAR(10), TRUE, MAP(drops, LAMBDA(drop, IF(drop="""", """", IF(ISNUMBER(SEARCH(H5, "&""""" & drop)), player & "" - "" & TRIM(REGEXREPLACE("""" & drop, ""(?i)^"" & H5 & ""\s*[-–:]*\s*"", """")), """" ) ) )) ) ) ) )) )"),"Foresto - Zenyte Shard IMfinish - Ballista Limbs IMfinish - Ballista Spring IMfinish - Ballista Spring IMfinish - Monkey Tail Swordfish ll - Ballista Limbs Y e l l a a - Monkey Tail") -> Foresto - Zenyte Shard IMfinish - Ballista Limbs IMfinish - Ballista Spring IMfinish - Ballista Spring IMfinish - Monkey Tail Swordfish ll - Ballista Limbs Y e l l a a - Monkey Tail
C7: Godwars Dungeon | D7: Vorkath | E7: Tombs of Amascut | F7: Guardians of the Rift | G7: Phantom Muspah | H7: Royal Titans
C8: =IFERROR(__xludf.DUMMYFUNCTION("TEXTJOIN(CHAR(10), TRUE, BYROW('Individual Stats'!$A3:$AW20, LAMBDA(r, LET( player, INDEX(r, 1), drops, CHOOSECOLS(r, SEQUENCE(1, 35, 12)), IF(player="""", """", TEXTJOIN(CHAR(10), TRUE, MAP(drops, LAMBDA(drop, IF(drop="""", """", IF(ISNUMBER(SEARCH(C7, "&""""" & drop)), player & "" - "" & TRIM(REGEXREPLACE("""" & drop, ""(?i)^"" & C7 & ""\s*[-–:]*\s*"", """")), """" ) ) )) ) ) ) )) )"),"") | D8: =IFERROR(__xludf.DUMMYFUNCTION("TEXTJOIN(CHAR(10), TRUE, BYROW('Individual Stats'!$A3:$AW20, LAMBDA(r, LET( player, INDEX(r, 1), drops, CHOOSECOLS(r, SEQUENCE(1, 35, 12)), IF(player="""", """", TEXTJOIN(CHAR(10), TRUE, MAP(drops, LAMBDA(drop, IF(drop="""", """", IF(ISNUMBER(SEARCH(D7, "&""""" & drop)), player & "" - "" & TRIM(REGEXREPLACE("""" & drop, ""(?i)^"" & D7 & ""\s*[-–:]*\s*"", """")), """" ) ) )) ) ) ) )) )"),"Frangud - Vorkath's Head HareForceOne - Vorkath's Head HareForceOne - Vorkath's Head HareForceOne - Jar of Decay HareForceOne - Vorkath's Head OdinswrathUN - Vorkath's Head Suntj - Vorkath's Head") -> Frangud - Vorkath's Head HareForceOne - Vorkath's Head HareForceOne - Vorkath's Head HareForceOne - Jar of Decay HareForceOne - Vorkath's Head OdinswrathUN - Vorkath's Head Suntj - Vorkath's Head | E8: =IFERROR(__xludf.DUMMYFUNCTION("TEXTJOIN(CHAR(10), TRUE, BYROW('Individual Stats'!$A3:$AW20, LAMBDA(r, LET( player, INDEX(r, 1), drops, CHOOSECOLS(r, SEQUENCE(1, 35, 12)), IF(player="""", """", TEXTJOIN(CHAR(10), TRUE, MAP(drops, LAMBDA(drop, IF(drop="""", """", IF(ISNUMBER(SEARCH(E7, "&""""" & drop)), player & "" - "" & TRIM(REGEXREPLACE("""" & drop, ""(?i)^"" & E7 & ""\s*[-–:]*\s*"", """")), """" ) ) )) ) ) ) )) )"),"JaysunMimosa - Masori Piece (any) Smokey Dro - Lightbearer Smokey Dro - Osmunten's Fang") -> JaysunMimosa - Masori Piece (any) Smokey Dro - Lightbearer Smokey Dro - Osmunten's Fang | F8: =IFERROR(__xludf.DUMMYFUNCTION("TEXTJOIN(CHAR(10), TRUE, BYROW('Individual Stats'!$A3:$AW20, LAMBDA(r, LET( player, INDEX(r, 1), drops, CHOOSECOLS(r, SEQUENCE(1, 35, 12)), IF(player="""", """", TEXTJOIN(CHAR(10), TRUE, MAP(drops, LAMBDA(drop, IF(drop="""", """", IF(ISNUMBER(SEARCH(F7, "&""""" & drop)), player & "" - "" & TRIM(REGEXREPLACE("""" & drop, ""(?i)^"" & F7 & ""\s*[-–:]*\s*"", """")), """" ) ) )) ) ) ) )) )"),"") | G8: =IFERROR(__xludf.DUMMYFUNCTION("TEXTJOIN(CHAR(10), TRUE, BYROW('Individual Stats'!$A3:$AW20, LAMBDA(r, LET( player, INDEX(r, 1), drops, CHOOSECOLS(r, SEQUENCE(1, 35, 12)), IF(player="""", """", TEXTJOIN(CHAR(10), TRUE, MAP(drops, LAMBDA(drop, IF(drop="""", """", IF(ISNUMBER(SEARCH(G7, "&""""" & drop)), player & "" - "" & TRIM(REGEXREPLACE("""" & drop, ""(?i)^"" & G7 & ""\s*[-–:]*\s*"", """")), """" ) ) )) ) ) ) )) )"),"Foresto - Venator Shard Foresto - Venator Shard IronDresser - Venator Shard Suntj - Venator Shard Suntj - Muphin") -> Foresto - Venator Shard Foresto - Venator Shard IronDresser - Venator Shard Suntj - Venator Shard Suntj - Muphin | H8: =IFERROR(__xludf.DUMMYFUNCTION("TEXTJOIN(CHAR(10), TRUE, BYROW('Individual Stats'!$A3:$AW20, LAMBDA(r, LET( player, INDEX(r, 1), drops, CHOOSECOLS(r, SEQUENCE(1, 35, 12)), IF(player="""", """", TEXTJOIN(CHAR(10), TRUE, MAP(drops, LAMBDA(drop, IF(drop="""", """", IF(ISNUMBER(SEARCH(H7, "&""""" & drop)), player & "" - "" & TRIM(REGEXREPLACE("""" & drop, ""(?i)^"" & H7 & ""\s*[-–:]*\s*"", """")), """" ) ) )) ) ) ) )) )"),"FearBanana - Ice Element Staff Crown Frangud - Ice Element Staff Crown Frangud - Bran JaysunMimosa - Mystic Vigour Prayer Scroll Pavlovs dog - Ice Element Staff Crown sfsd - Ice Element Staff Crown The Beaks - Fire Element Staff Crown UK HMRC - Deadeye Pr"&"ayer Scroll UK HMRC - Mystic Vigour Prayer Scroll") -> FearBanana - Ice Element Staff Crown Frangud - Ice Element Staff Crown Frangud - Bran JaysunMimosa - Mystic Vigour Prayer Scroll Pavlovs dog - Ice Element Staff Crown sfsd - Ice Element Staff Crown The Beaks - Fire Element Staff Crown UK HMRC - Deadeye Prayer Scroll UK HMRC - Mystic Vigour Prayer Scroll
C9: Wintertodt | D9: Araxxor | E9: Zulrah | F9: Armoured Zombies | G9: Doom of Mokhaiotl | H9: Abyssal Sire
C10: =IFERROR(__xludf.DUMMYFUNCTION("TEXTJOIN(CHAR(10), TRUE, BYROW('Individual Stats'!$A3:$AW20, LAMBDA(r, LET( player, INDEX(r, 1), drops, CHOOSECOLS(r, SEQUENCE(1, 35, 12)), IF(player="""", """", TEXTJOIN(CHAR(10), TRUE, MAP(drops, LAMBDA(drop, IF(drop="""", """", IF(ISNUMBER(SEARCH(C9, "&""""" & drop)), player & "" - "" & TRIM(REGEXREPLACE("""" & drop, ""(?i)^"" & C9 & ""\s*[-–:]*\s*"", """")), """" ) ) )) ) ) ) )) )"),"ShermyX - Tome of Fire") -> ShermyX - Tome of Fire | D10: =IFERROR(__xludf.DUMMYFUNCTION("TEXTJOIN(CHAR(10), TRUE, BYROW('Individual Stats'!$A3:$AW20, LAMBDA(r, LET( player, INDEX(r, 1), drops, CHOOSECOLS(r, SEQUENCE(1, 35, 12)), IF(player="""", """", TEXTJOIN(CHAR(10), TRUE, MAP(drops, LAMBDA(drop, IF(drop="""", """", IF(ISNUMBER(SEARCH(D9, "&""""" & drop)), player & "" - "" & TRIM(REGEXREPLACE("""" & drop, ""(?i)^"" & D9 & ""\s*[-–:]*\s*"", """")), """" ) ) )) ) ) ) )) )"),"HareForceOne - Araxyte Head IronDresser - Jar of Venom IronDresser - Noxious Piece (any) IronDresser - Noxious Piece (any) IronDresser - Noxious Piece (any) Lowbob PVM - Noxious Piece (any)") -> HareForceOne - Araxyte Head IronDresser - Jar of Venom IronDresser - Noxious Piece (any) IronDresser - Noxious Piece (any) IronDresser - Noxious Piece (any) Lowbob PVM - Noxious Piece (any) | E10: =IFERROR(__xludf.DUMMYFUNCTION("TEXTJOIN(CHAR(10), TRUE, BYROW('Individual Stats'!$A3:$AW20, LAMBDA(r, LET( player, INDEX(r, 1), drops, CHOOSECOLS(r, SEQUENCE(1, 35, 12)), IF(player="""", """", TEXTJOIN(CHAR(10), TRUE, MAP(drops, LAMBDA(drop, IF(drop="""", """", IF(ISNUMBER(SEARCH(E9, "&""""" & drop)), player & "" - "" & TRIM(REGEXREPLACE("""" & drop, ""(?i)^"" & E9 & ""\s*[-–:]*\s*"", """")), """" ) ) )) ) ) ) )) )"),"sfsd - Tanzanite Fang sfsd - Uncut Onyx Swordfish ll - Tanzanite Fang Swordfish ll - Serpentine Visage Swordfish ll - Magic Fang Y e l l a a - Tanzanite Fang") -> sfsd - Tanzanite Fang sfsd - Uncut Onyx Swordfish ll - Tanzanite Fang Swordfish ll - Serpentine Visage Swordfish ll - Magic Fang Y e l l a a - Tanzanite Fang | F10: =IFERROR(__xludf.DUMMYFUNCTION("TEXTJOIN(CHAR(10), TRUE, BYROW('Individual Stats'!$A3:$AW20, LAMBDA(r, LET( player, INDEX(r, 1), drops, CHOOSECOLS(r, SEQUENCE(1, 35, 12)), IF(player="""", """", TEXTJOIN(CHAR(10), TRUE, MAP(drops, LAMBDA(drop, IF(drop="""", """", IF(ISNUMBER(SEARCH(F9, "&""""" & drop)), player & "" - "" & TRIM(REGEXREPLACE("""" & drop, ""(?i)^"" & F9 & ""\s*[-–:]*\s*"", """")), """" ) ) )) ) ) ) )) )"),"Faultiest - Zombie Axe Faultiest - Zombie Helm Faultiest - Zombie Helm Faultiest - Zombie Helm Faultiest - Zombie Helm Faultiest - Zombie Axe Faultiest - Zombie Axe Faultiest - Zombie Axe") -> Faultiest - Zombie Axe Faultiest - Zombie Helm Faultiest - Zombie Helm Faultiest - Zombie Helm Faultiest - Zombie Helm Faultiest - Zombie Axe Faultiest - Zombie Axe Faultiest - Zombie Axe | G10: =IFERROR(__xludf.DUMMYFUNCTION("TEXTJOIN(CHAR(10), TRUE, BYROW('Individual Stats'!$A3:$AW20, LAMBDA(r, LET( player, INDEX(r, 1), drops, CHOOSECOLS(r, SEQUENCE(1, 35, 12)), IF(player="""", """", TEXTJOIN(CHAR(10), TRUE, MAP(drops, LAMBDA(drop, IF(drop="""", """", IF(ISNUMBER(SEARCH(G9, "&""""" & drop)), player & "" - "" & TRIM(REGEXREPLACE("""" & drop, ""(?i)^"" & G9 & ""\s*[-–:]*\s*"", """")), """" ) ) )) ) ) ) )) )"),"Iron bm king - Dom Iron bm king - Dom Papi Aksta - Eye of Ayak") -> Iron bm king - Dom Iron bm king - Dom Papi Aksta - Eye of Ayak | H10: =IFERROR(__xludf.DUMMYFUNCTION("TEXTJOIN(CHAR(10), TRUE, BYROW('Individual Stats'!$A3:$AW20, LAMBDA(r, LET( player, INDEX(r, 1), drops, CHOOSECOLS(r, SEQUENCE(1, 35, 12)), IF(player="""", """", TEXTJOIN(CHAR(10), TRUE, MAP(drops, LAMBDA(drop, IF(drop="""", """", IF(ISNUMBER(SEARCH(H9, "&""""" & drop)), player & "" - "" & TRIM(REGEXREPLACE("""" & drop, ""(?i)^"" & H9 & ""\s*[-–:]*\s*"", """")), """" ) ) )) ) ) ) )) )"),"Frangud - Unsired Frangud - Unsired Lowbob PVM - Unsired Y e l l a a - Unsired Y e l l a a - Unsired") -> Frangud - Unsired Frangud - Unsired Lowbob PVM - Unsired Y e l l a a - Unsired Y e l l a a - Unsired
C11: Alchemical Hydra | D11: Zalcano | E11: Scurrius | F11: Gauntlet | G11: Skilling Tools | H11: Maggot King
C12: =IFERROR(__xludf.DUMMYFUNCTION("TEXTJOIN(CHAR(10), TRUE, BYROW('Individual Stats'!$A3:$AW20, LAMBDA(r, LET( player, INDEX(r, 1), drops, CHOOSECOLS(r, SEQUENCE(1, 35, 12)), IF(player="""", """", TEXTJOIN(CHAR(10), TRUE, MAP(drops, LAMBDA(drop, IF(drop="""", """", IF(ISNUMBER(SEARCH(C11, "&""""" & drop)), player & "" - "" & TRIM(REGEXREPLACE("""" & drop, ""(?i)^"" & C11 & ""\s*[-–:]*\s*"", """")), """" ) ) )) ) ) ) )) )"),"HareForceOne - Hydra's Leather HareForceOne - Hydra's Leather Lowbob PVM - Jar of Chemicals") -> HareForceOne - Hydra's Leather HareForceOne - Hydra's Leather Lowbob PVM - Jar of Chemicals | D12: =IFERROR(__xludf.DUMMYFUNCTION("TEXTJOIN(CHAR(10), TRUE, BYROW('Individual Stats'!$A3:$AW20, LAMBDA(r, LET( player, INDEX(r, 1), drops, CHOOSECOLS(r, SEQUENCE(1, 35, 12)), IF(player="""", """", TEXTJOIN(CHAR(10), TRUE, MAP(drops, LAMBDA(drop, IF(drop="""", """", IF(ISNUMBER(SEARCH(D11, "&""""" & drop)), player & "" - "" & TRIM(REGEXREPLACE("""" & drop, ""(?i)^"" & D11 & ""\s*[-–:]*\s*"", """")), """" ) ) )) ) ) ) )) )"),"JaysunMimosa - Crystal Tool Seed") -> JaysunMimosa - Crystal Tool Seed | E12: =IFERROR(__xludf.DUMMYFUNCTION("TEXTJOIN(CHAR(10), TRUE, BYROW('Individual Stats'!$A3:$AW20, LAMBDA(r, LET( player, INDEX(r, 1), drops, CHOOSECOLS(r, SEQUENCE(1, 35, 12)), IF(player="""", """", TEXTJOIN(CHAR(10), TRUE, MAP(drops, LAMBDA(drop, IF(drop="""", """", IF(ISNUMBER(SEARCH(E11, "&""""" & drop)), player & "" - "" & TRIM(REGEXREPLACE("""" & drop, ""(?i)^"" & E11 & ""\s*[-–:]*\s*"", """")), """" ) ) )) ) ) ) )) )"),"Foresto - Scurrius' Spine Gas Stone86 - Scurrius' Spine Gas Stone86 - Scurrius' Spine JamesMokka - Scurrius' Spine MiaTheDuck3 - Scurrius' Spine Pavlovs dog - Scurrius' Spine Pavlovs dog - Scurrius' Spine Pavlovs dog - Scurrius' Spine Suntj - Scurrius' Sp"&"ine Suntj - Scurrius' Spine") -> Foresto - Scurrius' Spine Gas Stone86 - Scurrius' Spine Gas Stone86 - Scurrius' Spine JamesMokka - Scurrius' Spine MiaTheDuck3 - Scurrius' Spine Pavlovs dog - Scurrius' Spine Pavlovs dog - Scurrius' Spine Pavlovs dog - Scurrius' Spine Suntj - Scurrius' Spine Suntj - Scurrius' Spine | F12: =IFERROR(__xludf.DUMMYFUNCTION("TEXTJOIN(CHAR(10), TRUE, BYROW('Individual Stats'!$A3:$AW20, LAMBDA(r, LET( player, INDEX(r, 1), drops, CHOOSECOLS(r, SEQUENCE(1, 35, 12)), IF(player="""", """", TEXTJOIN(CHAR(10), TRUE, MAP(drops, LAMBDA(drop, IF(drop="""", """", IF(ISNUMBER(SEARCH(F11, "&""""" & drop)), player & "" - "" & TRIM(REGEXREPLACE("""" & drop, ""(?i)^"" & F11 & ""\s*[-–:]*\s*"", """")), """" ) ) )) ) ) ) )) )"),"Frangud - Crystal Armour Seed IronDresser - Crystal Weapon Seed IronDresser - Crystal Weapon Seed Pavlovs dog - Crystal Weapon Seed Pavlovs dog - Enhanced Crystal Weapon Seed Suntj - Crystal Weapon Seed") -> Frangud - Crystal Armour Seed IronDresser - Crystal Weapon Seed IronDresser - Crystal Weapon Seed Pavlovs dog - Crystal Weapon Seed Pavlovs dog - Enhanced Crystal Weapon Seed Suntj - Crystal Weapon Seed | G12: =IFERROR(__xludf.DUMMYFUNCTION("TEXTJOIN(CHAR(10), TRUE, BYROW('Individual Stats'!$A3:$AW20, LAMBDA(r, LET( player, INDEX(r, 1), drops, CHOOSECOLS(r, SEQUENCE(1, 35, 12)), IF(player="""", """", TEXTJOIN(CHAR(10), TRUE, MAP(drops, LAMBDA(drop, IF(drop="""", """", IF(ISNUMBER(SEARCH(G11, "&""""" & drop)), player & "" - "" & TRIM(REGEXREPLACE("""" & drop, ""(?i)^"" & G11 & ""\s*[-–:]*\s*"", """")), """" ) ) )) ) ) ) )) )"),"FearBanana - Jeweller's Chisel IMfinish - Fletching Knife IMfinish - Jeweller's Chisel UK HMRC - Jeweller's Chisel") -> FearBanana - Jeweller's Chisel IMfinish - Fletching Knife IMfinish - Jeweller's Chisel UK HMRC - Jeweller's Chisel | H12: =IFERROR(__xludf.DUMMYFUNCTION("TEXTJOIN(CHAR(10), TRUE, BYROW('Individual Stats'!$A3:$AW20, LAMBDA(r, LET( player, INDEX(r, 1), drops, CHOOSECOLS(r, SEQUENCE(1, 35, 12)), IF(player="""", """", TEXTJOIN(CHAR(10), TRUE, MAP(drops, LAMBDA(drop, IF(drop="""", """", IF(ISNUMBER(SEARCH(H11, "&""""" & drop)), player & "" - "" & TRIM(REGEXREPLACE("""" & drop, ""(?i)^"" & H11 & ""\s*[-–:]*\s*"", """")), """" ) ) )) ) ) ) )) )"),"Arcane0214 - Elder Venator Fang") -> Arcane0214 - Elder Venator Fang
C13: Thieving | D13: Barrows | E13: DT2 Bosses | F13: Wilderness Trio | G13: Dagannoth Kings | H13: Moons of Peril
C14: =IFERROR(__xludf.DUMMYFUNCTION("TEXTJOIN(CHAR(10), TRUE, BYROW('Individual Stats'!$A3:$AW20, LAMBDA(r, LET( player, INDEX(r, 1), drops, CHOOSECOLS(r, SEQUENCE(1, 35, 12)), IF(player="""", """", TEXTJOIN(CHAR(10), TRUE, MAP(drops, LAMBDA(drop, IF(drop="""", """", IF(ISNUMBER(SEARCH(C13, "&""""" & drop)), player & "" - "" & TRIM(REGEXREPLACE("""" & drop, ""(?i)^"" & C13 & ""\s*[-–:]*\s*"", """")), """" ) ) )) ) ) ) )) )"),"em19em19 - Enhanced Crystal Teleport Seed Papi Aksta - Blood Shard Papi Aksta - Enhanced Crystal Teleport Seed") -> em19em19 - Enhanced Crystal Teleport Seed Papi Aksta - Blood Shard Papi Aksta - Enhanced Crystal Teleport Seed | D14: =IFERROR(__xludf.DUMMYFUNCTION("TEXTJOIN(CHAR(10), TRUE, BYROW('Individual Stats'!$A3:$AW20, LAMBDA(r, LET( player, INDEX(r, 1), drops, CHOOSECOLS(r, SEQUENCE(1, 35, 12)), IF(player="""", """", TEXTJOIN(CHAR(10), TRUE, MAP(drops, LAMBDA(drop, IF(drop="""", """", IF(ISNUMBER(SEARCH(D13, "&""""" & drop)), player & "" - "" & TRIM(REGEXREPLACE("""" & drop, ""(?i)^"" & D13 & ""\s*[-–:]*\s*"", """")), """" ) ) )) ) ) ) )) )"),"Foresto - Verac's Piece (any) Pavlovs dog - Ahrim's Piece (any) Pavlovs dog - Dharok's Piece (any) Pavlovs dog - Verac's Piece (any) Pavlovs dog - Dharok's Piece (any) Pavlovs dog - Torag's Piece (any) Pavlovs dog - Karil's Piece (any) Pavlovs dog - Karil"&"'s Piece (any) Pavlovs dog - Verac's Piece (any) Pavlovs dog - Torag's Piece (any) UK HMRC - Dharok's Piece (any) UK HMRC - Karil's Piece (any)") -> Foresto - Verac's Piece (any) Pavlovs dog - Ahrim's Piece (any) Pavlovs dog - Dharok's Piece (any) Pavlovs dog - Verac's Piece (any) Pavlovs dog - Dharok's Piece (any) Pavlovs dog - Torag's Piece (any) Pavlovs dog - Karil's Piece (any) Pavlovs dog - Karil's Piece (any) Pavlovs dog - Verac's Piece (any) Pavlovs dog - Torag's Piece (any) UK HMRC - Dharok's Piece (any) UK HMRC - Karil's Piece (any) | E14: =IFERROR(__xludf.DUMMYFUNCTION("TEXTJOIN(CHAR(10), TRUE, BYROW('Individual Stats'!$A3:$AW20, LAMBDA(r, LET( player, INDEX(r, 1), drops, CHOOSECOLS(r, SEQUENCE(1, 35, 12)), IF(player="""", """", TEXTJOIN(CHAR(10), TRUE, MAP(drops, LAMBDA(drop, IF(drop="""", """", IF(ISNUMBER(SEARCH(E13, "&""""" & drop)), player & "" - "" & TRIM(REGEXREPLACE("""" & drop, ""(?i)^"" & E13 & ""\s*[-–:]*\s*"", """")), """" ) ) )) ) ) ) )) )"),"Bear clogs - Blood Quartz Bear clogs - Virtus Piece (any) Bear clogs - Ultor Vestige (+ 2x gold ring) IronDresser - Blood Quartz JaysunMimosa - Chromium Ingot Pavlovs dog - Virtus Piece (any)") -> Bear clogs - Blood Quartz Bear clogs - Virtus Piece (any) Bear clogs - Ultor Vestige (+ 2x gold ring) IronDresser - Blood Quartz JaysunMimosa - Chromium Ingot Pavlovs dog - Virtus Piece (any) | F14: =IFERROR(__xludf.DUMMYFUNCTION("TEXTJOIN(CHAR(10), TRUE, BYROW('Individual Stats'!$A3:$AW20, LAMBDA(r, LET( player, INDEX(r, 1), drops, CHOOSECOLS(r, SEQUENCE(1, 35, 12)), IF(player="""", """", TEXTJOIN(CHAR(10), TRUE, MAP(drops, LAMBDA(drop, IF(drop="""", """", IF(ISNUMBER(SEARCH(F13, "&""""" & drop)), player & "" - "" & TRIM(REGEXREPLACE("""" & drop, ""(?i)^"" & F13 & ""\s*[-–:]*\s*"", """")), """" ) ) )) ) ) ) )) )"),"Bear clogs - Ring (any) Bear clogs - Dragon 2h Sword Bear clogs - Pet IMfinish - Pet IMfinish - Fangs of Venenatis IMfinish - Dragon 2h Sword IMfinish - Dragon Pickaxe IMfinish - Dragon Pickaxe MiaTheDuck3 - Dragon Pickaxe") -> Bear clogs - Ring (any) Bear clogs - Dragon 2h Sword Bear clogs - Pet IMfinish - Pet IMfinish - Fangs of Venenatis IMfinish - Dragon 2h Sword IMfinish - Dragon Pickaxe IMfinish - Dragon Pickaxe MiaTheDuck3 - Dragon Pickaxe | G14: =IFERROR(__xludf.DUMMYFUNCTION("TEXTJOIN(CHAR(10), TRUE, BYROW('Individual Stats'!$A3:$AW20, LAMBDA(r, LET( player, INDEX(r, 1), drops, CHOOSECOLS(r, SEQUENCE(1, 35, 12)), IF(player="""", """", TEXTJOIN(CHAR(10), TRUE, MAP(drops, LAMBDA(drop, IF(drop="""", """", IF(ISNUMBER(SEARCH(G13, "&""""" & drop)), player & "" - "" & TRIM(REGEXREPLACE("""" & drop, ""(?i)^"" & G13 & ""\s*[-–:]*\s*"", """")), """" ) ) )) ) ) ) )) )"),"Rs Kill King - Seercull Rs Kill King - Rings (other) Suntj - Rings (other) Suntj - Seercull Suntj - Rings (other) Suntj - Rings (other) Suntj - Dragon axe Suntj - Berserker Ring Y e l l a a - Rings (other) Y e l l a a - Dragon axe") -> Rs Kill King - Seercull Rs Kill King - Rings (other) Suntj - Rings (other) Suntj - Seercull Suntj - Rings (other) Suntj - Rings (other) Suntj - Dragon axe Suntj - Berserker Ring Y e l l a a - Rings (other) Y e l l a a - Dragon axe | H14: =IFERROR(__xludf.DUMMYFUNCTION("TEXTJOIN(CHAR(10), TRUE, BYROW('Individual Stats'!$A3:$AW20, LAMBDA(r, LET( player, INDEX(r, 1), drops, CHOOSECOLS(r, SEQUENCE(1, 35, 12)), IF(player="""", """", TEXTJOIN(CHAR(10), TRUE, MAP(drops, LAMBDA(drop, IF(drop="""", """", IF(ISNUMBER(SEARCH(H13, "&""""" & drop)), player & "" - "" & TRIM(REGEXREPLACE("""" & drop, ""(?i)^"" & H13 & ""\s*[-–:]*\s*"", """")), """" ) ) )) ) ) ) )) )"),"FearBanana - Blue Moon Piece (any) FearBanana - Eclipse Moon Piece (any) Gas Stone86 - Blue Moon Piece (any) MiaTheDuck3 - Blue Moon Piece (any) Smokey Dro - Eclipse Moon Piece (any) UK HMRC - Blue Moon Piece (any) vainqueurs - Blood Moon Piece (any) vain"&"queurs - Blood Moon Piece (any)") -> FearBanana - Blue Moon Piece (any) FearBanana - Eclipse Moon Piece (any) Gas Stone86 - Blue Moon Piece (any) MiaTheDuck3 - Blue Moon Piece (any) Smokey Dro - Eclipse Moon Piece (any) UK HMRC - Blue Moon Piece (any) vainqueurs - Blood Moon Piece (any) vainqueurs - Blood Moon Piece (any)
C17: Nex | D17: Nightmare | E17: Megarares | F17: Jar/Pet | G17: Colosseum | H17: Corporeal Beast
C18: =IFERROR(__xludf.DUMMYFUNCTION("TEXTJOIN(CHAR(10), TRUE, BYROW('Individual Stats'!$A3:$AW20, LAMBDA(r, LET( player, INDEX(r, 1), drops, CHOOSECOLS(r, SEQUENCE(1, 35, 12)), IF(player="""", """", TEXTJOIN(CHAR(10), TRUE, MAP(drops, LAMBDA(drop, IF(drop="""", """", IF(ISNUMBER(SEARCH(C17, "&""""" & drop)), player & "" - "" & TRIM(REGEXREPLACE("""" & drop, ""(?i)^"" & C17 & ""\s*[-–:]*\s*"", """")), """" ) ) )) ) ) ) )) )"),"") | D18: =IFERROR(__xludf.DUMMYFUNCTION("TEXTJOIN(CHAR(10), TRUE, BYROW('Individual Stats'!$A3:$AW20, LAMBDA(r, LET( player, INDEX(r, 1), drops, CHOOSECOLS(r, SEQUENCE(1, 35, 12)), IF(player="""", """", TEXTJOIN(CHAR(10), TRUE, MAP(drops, LAMBDA(drop, IF(drop="""", """", IF(ISNUMBER(SEARCH(D17, "&""""" & drop)), player & "" - "" & TRIM(REGEXREPLACE("""" & drop, ""(?i)^"" & D17 & ""\s*[-–:]*\s*"", """")), """" ) ) )) ) ) ) )) )"),"") | E18: =IFERROR(__xludf.DUMMYFUNCTION("TEXTJOIN(CHAR(10), TRUE, BYROW('Individual Stats'!$A3:$AW20, LAMBDA(r, LET( player, INDEX(r, 1), drops, CHOOSECOLS(r, SEQUENCE(1, 35, 12)), IF(player="""", """", TEXTJOIN(CHAR(10), TRUE, MAP(drops, LAMBDA(drop, IF(drop="""", """", IF(ISNUMBER(SEARCH(E17, "&""""" & drop)), player & "" - "" & TRIM(REGEXREPLACE("""" & drop, ""(?i)^"" & E17 & ""\s*[-–:]*\s*"", """")), """" ) ) )) ) ) ) )) )"),"") | F18: =IFERROR(__xludf.DUMMYFUNCTION("TEXTJOIN(CHAR(10), TRUE, BYROW('Individual Stats'!$A3:$AW20, LAMBDA(r, LET( player, INDEX(r, 1), drops, CHOOSECOLS(r, SEQUENCE(1, 35, 12)), IF(player="""", """", TEXTJOIN(CHAR(10), TRUE, MAP(drops, LAMBDA(drop, IF(drop="""", """", IF(ISNUMBER(SEARCH(F17, "&""""" & drop)), player & "" - "" & TRIM(REGEXREPLACE("""" & drop, ""(?i)^"" & F17 & ""\s*[-–:]*\s*"", """")), """" ) ) )) ) ) ) )) )"),"Bear clogs - Pet Frangud - Jar HareForceOne - Jar IMfinish - Pet Iron bm king - Pet IronDresser - Jar Lowbob PVM - Jar Suntj - Pet Y e l l a a - Pet") -> Bear clogs - Pet Frangud - Jar HareForceOne - Jar IMfinish - Pet Iron bm king - Pet IronDresser - Jar Lowbob PVM - Jar Suntj - Pet Y e l l a a - Pet | G18: =IFERROR(__xludf.DUMMYFUNCTION("TEXTJOIN(CHAR(10), TRUE, BYROW('Individual Stats'!$A3:$AW20, LAMBDA(r, LET( player, INDEX(r, 1), drops, CHOOSECOLS(r, SEQUENCE(1, 35, 12)), IF(player="""", """", TEXTJOIN(CHAR(10), TRUE, MAP(drops, LAMBDA(drop, IF(drop="""", """", IF(ISNUMBER(SEARCH(G17, "&""""" & drop)), player & "" - "" & TRIM(REGEXREPLACE("""" & drop, ""(?i)^"" & G17 & ""\s*[-–:]*\s*"", """")), """" ) ) )) ) ) ) )) )"),"Rs Kill King - Fortis Colosseum - Sunfire fanatic chausses Rs Kill King - Fortis Colosseum - Echo crystal(s) (1-3)") -> Rs Kill King - Fortis Colosseum - Sunfire fanatic chausses Rs Kill King - Fortis Colosseum - Echo crystal(s) (1-3) | H18: =IFERROR(__xludf.DUMMYFUNCTION("TEXTJOIN(CHAR(10), TRUE, BYROW('Individual Stats'!$A3:$AW20, LAMBDA(r, LET( player, INDEX(r, 1), drops, CHOOSECOLS(r, SEQUENCE(1, 35, 12)), IF(player="""", """", TEXTJOIN(CHAR(10), TRUE, MAP(drops, LAMBDA(drop, IF(drop="""", """", IF(ISNUMBER(SEARCH(H17, "&""""" & drop)), player & "" - "" & TRIM(REGEXREPLACE("""" & drop, ""(?i)^"" & H17 & ""\s*[-–:]*\s*"", """")), """" ) ) )) ) ) ) )) )"),"")

Sheet Individual Stats
B1: P R E - V E R I F I C A T I O N | O1: S U B M I S S I O N S
A2: Members | B2: WT | C2: Tempo | D2: Clues | E2: GOTR | F2: Yama | G2: Blood Shard | H2: Teleport Seed | I2: Chisel | J2: Hammer | K2: Knife | L2: Points | M2: Tiles | N2: Total GP | O2: 1 | P2: 2 | Q2: 3 | R2: 4 | S2: 5 | T2: 6 | U2: 7 | V2: 8 | W2: 9 | X2: 10 | Y2: 11 | Z2: 12 | AA2: 13 | AB2: 14 | AC2: 15 | AD2: 16 | AE2: 17 | AF2: 18 | AG2: 19 | AH2: 20 | AI2: 21 | AJ2: 22 | AK2: 23 | AL2: 24 | AM2: 25 | AN2: 26 | AO2: 27 | AP2: 28 | AQ2: 29 | AR2: 30 | AS2: 31 | AT2: 32 | AU2: 33 | AV2: 34 | AW2: 35
A3: Arcane0214 | L3: {=SUM(IF( 'Individual Stats'!O3:AW3="", 0, IFERROR( VLOOKUP( 'Individual Stats'!O3:AW3, 'Accepted Drops'!$B$84:$R$328, 17, FALSE ), 0 ) ))} -> 10 | M3: =COUNTA(O3:AM3) -> 1 | N3: {=SUM(IFERROR(VLOOKUP('Tradeable Drops'!B3:AF3, {'Accepted Drops'!$AG$83:$AG$330,'Accepted Drops'!$AC$83:$AC$330}, 2, 0),0))} -> 123112552 | O3: Maggot King - Elder Venator Fang
A4: Bear clogs | L4: {=SUM(IF( 'Individual Stats'!O4:AW4="", 0, IFERROR( VLOOKUP( 'Individual Stats'!O4:AW4, 'Accepted Drops'!$B$84:$R$328, 17, FALSE ), 0 ) ))} -> 27.222222 | M4: =COUNTA(O4:AM4) -> 9 | N4: {=SUM(IFERROR(VLOOKUP('Tradeable Drops'!B4:AF4, {'Accepted Drops'!$AG$83:$AG$330,'Accepted Drops'!$AC$83:$AC$330}, 2, 0),0))} -> 119318274 | O4: DT2 Bosses - Blood Quartz | P4: DT2 Bosses - Virtus Piece (any) | Q4: DT2 Bosses - Ultor Vestige (+ 2x gold ring) | R4: Wilderness Trio - Ring (any) | S4: Wilderness Trio - Dragon 2h Sword | T4: Wilderness Trio - Pet | U4: Jar/Pet - Pet | V4: God Wars Dungeon - Godsword Shard (any) | W4: God Wars Dungeon - Godsword Shard (any)
A5: em19em19 | B5: ✅ | C5: ✅ | D5: ✅ | E5: ✅ | I5: ✅ | L5: {=SUM(IF( 'Individual Stats'!O5:AW5="", 0, IFERROR( VLOOKUP( 'Individual Stats'!O5:AW5, 'Accepted Drops'!$B$84:$R$328, 17, FALSE ), 0 ) ))} -> 6.3333333 | M5: =COUNTA(O5:AM5) -> 3 | N5: {=SUM(IFERROR(VLOOKUP('Tradeable Drops'!B5:AF5, {'Accepted Drops'!$AG$83:$AG$330,'Accepted Drops'!$AC$83:$AC$330}, 2, 0),0))} -> 3575510 | O5: Medium Boots - Spiked Manacles | P5: Thieving - Enhanced Crystal Teleport Seed | Q5: GOTR - Abyssal Dye (any)
A6: Excadriill | D6: ✅ | L6: {=SUM(IF( 'Individual Stats'!O6:AW6="", 0, IFERROR( VLOOKUP( 'Individual Stats'!O6:AW6, 'Accepted Drops'!$B$84:$R$328, 17, FALSE ), 0 ) ))} -> 0 | M6: =COUNTA(O6:AM6) -> 0 | N6: {=SUM(IFERROR(VLOOKUP('Tradeable Drops'!B6:AF6, {'Accepted Drops'!$AG$83:$AG$330,'Accepted Drops'!$AC$83:$AC$330}, 2, 0),0))} -> 0
A7: Faultiest | E7: ✅ | L7: {=SUM(IF( 'Individual Stats'!O7:AW7="", 0, IFERROR( VLOOKUP( 'Individual Stats'!O7:AW7, 'Accepted Drops'!$B$84:$R$328, 17, FALSE ), 0 ) ))} -> 5.5 | M7: =COUNTA(O7:AM7) -> 9 | N7: {=SUM(IFERROR(VLOOKUP('Tradeable Drops'!B7:AF7, {'Accepted Drops'!$AG$83:$AG$330,'Accepted Drops'!$AC$83:$AC$330}, 2, 0),0))} -> 7519184 | O7: GOTR - Elemental Talisman | P7: Armoured Zombies - Zombie Axe | Q7: Armoured Zombies - Zombie Helm | R7: Armoured Zombies - Zombie Helm | S7: Armoured Zombies - Zombie Helm | T7: Armoured Zombies - Zombie Helm | U7: Armoured Zombies - Zombie Axe | V7: Armoured Zombies - Zombie Axe | W7: Armoured Zombies - Zombie Axe
A8: FearBanana | B8: ✅ | C8: ✅ | D8: ✅ | E8: ✅ | I8: ✅ | J8: ✅ | K8: ✅ | L8: {=SUM(IF( 'Individual Stats'!O8:AW8="", 0, IFERROR( VLOOKUP( 'Individual Stats'!O8:AW8, 'Accepted Drops'!$B$84:$R$328, 17, FALSE ), 0 ) ))} -> 9.875 | M8: =COUNTA(O8:AM8) -> 12 | N8: {=SUM(IFERROR(VLOOKUP('Tradeable Drops'!B8:AF8, {'Accepted Drops'!$AG$83:$AG$330,'Accepted Drops'!$AC$83:$AC$330}, 2, 0),0))} -> 13798992 | O8: Moons of Peril - Blue Moon Piece (any) | P8: Moons of Peril - Eclipse Moon Piece (any) | Q8: Skilling Tools - Jeweller's Chisel | R8: GOTR - Catalytic Talisman | S8: Mad Angel - Hallowfell | T8: Mad Angel - Hallowfell | U8: Mad Angel - Hallowfell | V8: Mad Angel - Hallowfell | W8: Mad Angel - Hallowfell | X8: Mad Angel - Hallowfell | Y8: Hueycoatl - Hueycoatl Hide | Z8: Royal Titans - Ice Element Staff Crown
A9: Foresto | D9: ✅ | L9: {=SUM(IF( 'Individual Stats'!O9:AW9="", 0, IFERROR( VLOOKUP( 'Individual Stats'!O9:AW9, 'Accepted Drops'!$B$84:$R$328, 17, FALSE ), 0 ) ))} -> 13.333333 | M9: =COUNTA(O9:AM9) -> 9 | N9: {=SUM(IFERROR(VLOOKUP('Tradeable Drops'!B9:AF9, {'Accepted Drops'!$AG$83:$AG$330,'Accepted Drops'!$AC$83:$AC$330}, 2, 0),0))} -> 78465370 | O9: Barrows - Verac's Piece (any) | P9: Grotesque Guardians - Granite Gloves | Q9: Grotesque Guardians - Black Tourmaline Core | R9: Mortimer - Belle's Folly | S9: Scurrius - Scurrius' Spine | T9: Medium Boots - Ranger Boots | U9: Demonic Gorillas - Zenyte Shard | V9: Phantom Muspah - Venator Shard | W9: Phantom Muspah - Venator Shard
A10: Frangud | D10: ✅ | F10: ✅ | J10: ✅ | L10: {=SUM(IF( 'Individual Stats'!O10:AW10="", 0, IFERROR( VLOOKUP( 'Individual Stats'!O10:AW10, 'Accepted Drops'!$B$84:$R$328, 17, FALSE ), 0 ) ))} -> 15.75 | M10: =COUNTA(O10:AM10) -> 9 | N10: {=SUM(IFERROR(VLOOKUP('Tradeable Drops'!B10:AF10, {'Accepted Drops'!$AG$83:$AG$330,'Accepted Drops'!$AC$83:$AC$330}, 2, 0),0))} -> 15718678 | O10: Gauntlet - Crystal Armour Seed | P10: Royal Titans - Ice Element Staff Crown | Q10: Royal Titans - Bran | R10: Mortimer - Dragon Harpoon | S10: Vorkath - Vorkath's Head | T10: Abyssal Sire - Unsired | U10: Abyssal Sire - Unsired | V10: Jar/Pet - Jar | W10: Cerberus - Smouldering Stone
A11: Gas Stone86 | L11: {=SUM(IF( 'Individual Stats'!O11:AW11="", 0, IFERROR( VLOOKUP( 'Individual Stats'!O11:AW11, 'Accepted Drops'!$B$84:$R$328, 17, FALSE ), 0 ) ))} -> 1.625 | M11: =COUNTA(O11:AM11) -> 3 | N11: {=SUM(IFERROR(VLOOKUP('Tradeable Drops'!B11:AF11, {'Accepted Drops'!$AG$83:$AG$330,'Accepted Drops'!$AC$83:$AC$330}, 2, 0),0))} -> 331008 | O11: Moons of Peril - Blue Moon Piece (any) | P11: Scurrius - Scurrius' Spine | Q11: Scurrius - Scurrius' Spine
A12: GIMhimejoshi | B12: ✅ | C12: ✅ | D12: ✅ | E12: ✅ | J12: ✅ | L12: {=SUM(IF( 'Individual Stats'!O12:AW12="", 0, IFERROR( VLOOKUP( 'Individual Stats'!O12:AW12, 'Accepted Drops'!$B$84:$R$328, 17, FALSE ), 0 ) ))} -> 2 | M12: =COUNTA(O12:AM12) -> 2 | N12: {=SUM(IFERROR(VLOOKUP('Tradeable Drops'!B12:AF12, {'Accepted Drops'!$AG$83:$AG$330,'Accepted Drops'!$AC$83:$AC$330}, 2, 0),0))} -> 801099 | O12: Mortimer - Abyssal Whip | P12: Mortimer - Abyssal Head
A13: HareForceOne | B13: ✅ | C13: ✅ | D13: ✅ | E13: ✅ | F13: ✅ | I13: ✅ | J13: ✅ | K13: ✅ | L13: {=SUM(IF( 'Individual Stats'!O13:AW13="", 0, IFERROR( VLOOKUP( 'Individual Stats'!O13:AW13, 'Accepted Drops'!$B$84:$R$328, 17, FALSE ), 0 ) ))} -> 31.791667 | M13: =COUNTA(O13:AM13) -> 11 | N13: {=SUM(IFERROR(VLOOKUP('Tradeable Drops'!B13:AF13, {'Accepted Drops'!$AG$83:$AG$330,'Accepted Drops'!$AC$83:$AC$330}, 2, 0),0))} -> 27501950 | O13: Hueycoatl - Hueycoatl Hide | P13: Araxxor - Araxyte Head | Q13: Vorkath - Vorkath's Head | R13: Vorkath - Vorkath's Head | S13: Vorkath - Jar of Decay | T13: Jar/Pet - Jar | U13: Vorkath - Vorkath's Head | V13: Alchemical Hydra - Hydra's Leather | W13: Alchemical Hydra - Hydra's Leather | X13: Cerberus - Smouldering Stone | Y13: Cerberus - Eternal Crystal
A14: Henacy | D14: ✅ | E14: ✅ | L14: {=SUM(IF( 'Individual Stats'!O14:AW14="", 0, IFERROR( VLOOKUP( 'Individual Stats'!O14:AW14, 'Accepted Drops'!$B$84:$R$328, 17, FALSE ), 0 ) ))} -> 2.5 | M14: =COUNTA(O14:AM14) -> 2 | N14: {=SUM(IFERROR(VLOOKUP('Tradeable Drops'!B14:AF14, {'Accepted Drops'!$AG$83:$AG$330,'Accepted Drops'!$AC$83:$AC$330}, 2, 0),0))} -> 896607 | O14: Medium Boots - Holy Sandals | P14: GOTR - Catalytic Talisman
A15: IMfinish | D15: ✅ | I15: ✅ | K15: ✅ | L15: {=SUM(IF( 'Individual Stats'!O15:AW15="", 0, IFERROR( VLOOKUP( 'Individual Stats'!O15:AW15, 'Accepted Drops'!$B$84:$R$328, 17, FALSE ), 0 ) ))} -> 19.5 | M15: =COUNTA(O15:AM15) -> 12 | N15: {=SUM(IFERROR(VLOOKUP('Tradeable Drops'!B15:AF15, {'Accepted Drops'!$AG$83:$AG$330,'Accepted Drops'!$AC$83:$AC$330}, 2, 0),0))} -> 1954843 | O15: Skilling Tools - Fletching Knife | P15: Demonic Gorillas - Ballista Limbs | Q15: Demonic Gorillas - Ballista Spring | R15: Skilling Tools - Jeweller's Chisel | S15: Demonic Gorillas - Ballista Spring | T15: Demonic Gorillas - Monkey Tail | U15: Wilderness Trio - Pet | V15: Jar/Pet - Pet | W15: Wilderness Trio - Fangs of Venenatis | X15: Wilderness Trio - Dragon 2h Sword | Y15: Wilderness Trio - Dragon Pickaxe | Z15: Wilderness Trio - Dragon Pickaxe
A16: Iron bm king | L16: {=SUM(IF( 'Individual Stats'!O16:AW16="", 0, IFERROR( VLOOKUP( 'Individual Stats'!O16:AW16, 'Accepted Drops'!$B$84:$R$328, 17, FALSE ), 0 ) ))} -> 35.333333 | M16: =COUNTA(O16:AM16) -> 6 | N16: {=SUM(IFERROR(VLOOKUP('Tradeable Drops'!B16:AF16, {'Accepted Drops'!$AG$83:$AG$330,'Accepted Drops'!$AC$83:$AC$330}, 2, 0),0))} -> 110546106 | O16: Doom of Mokhaiotl - Dom | P16: Jar/Pet - Pet | Q16: Chambers of Xeric - Dexterous Prayer Scroll | R16: Doom of Mokhaiotl - Dom | S16: Chambers of Xeric - Ancestral Piece (any) | T16: Chambers of Xeric - Dexterous Prayer Scroll
A17: IronDresser | D17: ✅ | L17: {=SUM(IF( 'Individual Stats'!O17:AW17="", 0, IFERROR( VLOOKUP( 'Individual Stats'!O17:AW17, 'Accepted Drops'!$B$84:$R$328, 17, FALSE ), 0 ) ))} -> 28.097222 | M17: =COUNTA(O17:AM17) -> 12 | N17: {=SUM(IFERROR(VLOOKUP('Tradeable Drops'!B17:AF17, {'Accepted Drops'!$AG$83:$AG$330,'Accepted Drops'!$AC$83:$AC$330}, 2, 0),0))} -> 55511421 | O17: Gauntlet - Crystal Weapon Seed | P17: Gauntlet - Crystal Weapon Seed | Q17: Araxxor - Jar of Venom | R17: Araxxor - Noxious Piece (any) | S17: Jar/Pet - Jar | T17: Hueycoatl - Tome of Earth | U17: Hueycoatl - Hueycoatl Hide | V17: DT2 Bosses - Blood Quartz | W17: Araxxor - Noxious Piece (any) | X17: Araxxor - Noxious Piece (any) | Y17: Phantom Muspah - Venator Shard | Z17: God Wars Dungeon - Saradomin Sword
A18: JamesMokka | B18: ✅ | C18: ✅ | D18: ✅ | E18: ✅ | I18: ✅ | L18: {=SUM(IF( 'Individual Stats'!O18:AW18="", 0, IFERROR( VLOOKUP( 'Individual Stats'!O18:AW18, 'Accepted Drops'!$B$84:$R$328, 17, FALSE ), 0 ) ))} -> 3.8333333 | M18: =COUNTA(O18:AM18) -> 2 | N18: {=SUM(IFERROR(VLOOKUP('Tradeable Drops'!B18:AF18, {'Accepted Drops'!$AG$83:$AG$330,'Accepted Drops'!$AC$83:$AC$330}, 2, 0),0))} -> 36486338 | O18: Tormented Demons - Tormented Synapse | P18: Scurrius - Scurrius' Spine
A19: JaysunMimosa | E19: ✅ | F19: ✅ | L19: {=SUM(IF( 'Individual Stats'!O19:AW19="", 0, IFERROR( VLOOKUP( 'Individual Stats'!O19:AW19, 'Accepted Drops'!$B$84:$R$328, 17, FALSE ), 0 ) ))} -> 24.416667 | M19: =COUNTA(O19:AM19) -> 7 | N19: {=SUM(IFERROR(VLOOKUP('Tradeable Drops'!B19:AF19, {'Accepted Drops'!$AG$83:$AG$330,'Accepted Drops'!$AC$83:$AC$330}, 2, 0),0))} -> 64994854 | O19: Tombs of Amascut - Masori Piece (any) | P19: GOTR - Catalytic Talisman | Q19: GOTR - Abyssal Lantern | R19: DT2 Bosses - Chromium Ingot | S19: Hueycoatl - Tome of Earth | T19: Royal Titans - Mystic Vigour Prayer Scroll | U19: Zalcano - Crystal Tool Seed
A20: Lowbob PVM | E20: ✅ | L20: {=SUM(IF( 'Individual Stats'!O20:AW20="", 0, IFERROR( VLOOKUP( 'Individual Stats'!O20:AW20, 'Accepted Drops'!$B$84:$R$328, 17, FALSE ), 0 ) ))} -> 24 | M20: =COUNTA(O20:AM20) -> 6 | N20: {=SUM(IFERROR(VLOOKUP('Tradeable Drops'!B20:AF20, {'Accepted Drops'!$AG$83:$AG$330,'Accepted Drops'!$AC$83:$AC$330}, 2, 0),0))} -> 19961031 | O20: Araxxor - Noxious Piece (any) | P20: Abyssal Sire - Unsired | Q20: Alchemical Hydra - Jar of Chemicals | R20: Jar/Pet - Jar | S20: Cerberus - Eternal Crystal | T20: Cerberus - Smouldering Stone
A21: Mandahore | F21: ✅ | L21: {=SUM(IF( 'Individual Stats'!O21:AW21="", 0, IFERROR( VLOOKUP( 'Individual Stats'!O21:AW21, 'Accepted Drops'!$B$84:$R$328, 17, FALSE ), 0 ) ))} -> 0 | M21: =COUNTA(O21:AM21) -> 0 | N21: {=SUM(IFERROR(VLOOKUP('Tradeable Drops'!B21:AF21, {'Accepted Drops'!$AG$83:$AG$330,'Accepted Drops'!$AC$83:$AC$330}, 2, 0),0))} -> 0
A22: MiaTheDuck3 | B22: ✅ | C22: ✅ | D22: ✅ | E22: ✅ | F22: ✅ | I22: ✅ | J22: ✅ | K22: ✅ | L22: {=SUM(IF( 'Individual Stats'!O22:AW22="", 0, IFERROR( VLOOKUP( 'Individual Stats'!O22:AW22, 'Accepted Drops'!$B$84:$R$328, 17, FALSE ), 0 ) ))} -> 5.125 | M22: =COUNTA(O22:AM22) -> 6 | N22: {=SUM(IFERROR(VLOOKUP('Tradeable Drops'!B22:AF22, {'Accepted Drops'!$AG$83:$AG$330,'Accepted Drops'!$AC$83:$AC$330}, 2, 0),0))} -> 1408462 | O22: Mortimer - Leaf-bladed Sword | P22: Mortimer - Leaf-bladed Sword | Q22: Mortimer - Leaf-bladed Sword | R22: Moons of Peril - Blue Moon Piece (any) | S22: Scurrius - Scurrius' Spine | T22: Wilderness Trio - Dragon Pickaxe
A23: OdinswrathUN | L23: {=SUM(IF( 'Individual Stats'!O23:AW23="", 0, IFERROR( VLOOKUP( 'Individual Stats'!O23:AW23, 'Accepted Drops'!$B$84:$R$328, 17, FALSE ), 0 ) ))} -> 5 | M23: =COUNTA(O23:AM23) -> 4 | N23: {=SUM(IFERROR(VLOOKUP('Tradeable Drops'!B23:AF23, {'Accepted Drops'!$AG$83:$AG$330,'Accepted Drops'!$AC$83:$AC$330}, 2, 0),0))} -> 203276 | O23: Vorkath - Vorkath's Head | P23: Grotesque Guardians - Granite Ring | Q23: Grotesque Guardians - Granite Maul | R23: Grotesque Guardians - Granite Maul
A24: Papi Aksta | F24: ✅ | L24: {=SUM(IF( 'Individual Stats'!O24:AW24="", 0, IFERROR( VLOOKUP( 'Individual Stats'!O24:AW24, 'Accepted Drops'!$B$84:$R$328, 17, FALSE ), 0 ) ))} -> 32.222222 | M24: =COUNTA(O24:AM24) -> 8 | N24: {=SUM(IFERROR(VLOOKUP('Tradeable Drops'!B24:AF24, {'Accepted Drops'!$AG$83:$AG$330,'Accepted Drops'!$AC$83:$AC$330}, 2, 0),0))} -> 133328092 | O24: Thieving - Blood Shard | P24: Thieving - Enhanced Crystal Teleport Seed | Q24: Doom of Mokhaiotl - Eye of Ayak | R24: God Wars Dungeon - Armadyl Crossbow | S24: God Wars Dungeon - Bandos Hilt | T24: God Wars Dungeon - Bandos Piece (any) | U24: God Wars Dungeon - Godsword Shard (any) | V24: Yama - Soulflame Horn
A25: Pavlovs dog | B25: ✅ | C25: ✅ | D25: ✅ | E25: ✅ | F25: ✅ | I25: ✅ | J25: ✅ | K25: ✅ | L25: {=SUM(IF( 'Individual Stats'!O25:AW25="", 0, IFERROR( VLOOKUP( 'Individual Stats'!O25:AW25, 'Accepted Drops'!$B$84:$R$328, 17, FALSE ), 0 ) ))} -> 22.416667 | M25: =COUNTA(O25:AM25) -> 17 | N25: {=SUM(IFERROR(VLOOKUP('Tradeable Drops'!B25:AF25, {'Accepted Drops'!$AG$83:$AG$330,'Accepted Drops'!$AC$83:$AC$330}, 2, 0),0))} -> 197152349 | O25: Barrows - Ahrim's Piece (any) | P25: Barrows - Dharok's Piece (any) | Q25: Barrows - Verac's Piece (any) | R25: Barrows - Dharok's Piece (any) | S25: Barrows - Torag's Piece (any) | T25: Barrows - Karil's Piece (any) | U25: Barrows - Karil's Piece (any) | V25: Barrows - Verac's Piece (any) | W25: Tormented Demons - Tormented Synapse | X25: Barrows - Torag's Piece (any) | Y25: Scurrius - Scurrius' Spine | Z25: Scurrius - Scurrius' Spine | AA25: Scurrius - Scurrius' Spine | AB25: Gauntlet - Crystal Weapon Seed | AC25: DT2 Bosses - Virtus Piece (any) | AD25: Gauntlet - Enhanced Crystal Weapon Seed | AE25: Royal Titans - Ice Element Staff Crown
A26: Rs Kill King | L26: {=SUM(IF( 'Individual Stats'!O26:AW26="", 0, IFERROR( VLOOKUP( 'Individual Stats'!O26:AW26, 'Accepted Drops'!$B$84:$R$328, 17, FALSE ), 0 ) ))} -> 3 | M26: =COUNTA(O26:AM26) -> 4 | N26: {=SUM(IFERROR(VLOOKUP('Tradeable Drops'!B26:AF26, {'Accepted Drops'!$AG$83:$AG$330,'Accepted Drops'!$AC$83:$AC$330}, 2, 0),0))} -> 9056479 | O26: Dagannoth Kings - Seercull | P26: Dagannoth Kings - Rings (other) | Q26: Fortis Colosseum - Sunfire fanatic chausses | R26: Fortis Colosseum - Echo crystal(s) (1-3)
A27: sfsd | D27: ✅ | L27: {=SUM(IF( 'Individual Stats'!O27:AW27="", 0, IFERROR( VLOOKUP( 'Individual Stats'!O27:AW27, 'Accepted Drops'!$B$84:$R$328, 17, FALSE ), 0 ) ))} -> 9.3888889 | M27: =COUNTA(O27:AM27) -> 5 | N27: {=SUM(IFERROR(VLOOKUP('Tradeable Drops'!B27:AF27, {'Accepted Drops'!$AG$83:$AG$330,'Accepted Drops'!$AC$83:$AC$330}, 2, 0),0))} -> 22594188 | O27: Cerberus - Eternal Crystal | P27: Zulrah - Tanzanite Fang | Q27: Zulrah - Uncut Onyx | R27: God Wars Dungeon - Staff of the Dead | S27: Royal Titans - Ice Element Staff Crown
A28: ShermyX | B28: ✅ | C28: ✅ | D28: ✅ | E28: ✅ | L28: {=SUM(IF( 'Individual Stats'!O28:AW28="", 0, IFERROR( VLOOKUP( 'Individual Stats'!O28:AW28, 'Accepted Drops'!$B$84:$R$328, 17, FALSE ), 0 ) ))} -> 16 | M28: =COUNTA(O28:AM28) -> 12 | N28: {=SUM(IFERROR(VLOOKUP('Tradeable Drops'!B28:AF28, {'Accepted Drops'!$AG$83:$AG$330,'Accepted Drops'!$AC$83:$AC$330}, 2, 0),0))} -> 2840383 | O28: Tempoross - Soaked Pages X 25 | P28: Tempoross - Tome of Water | Q28: Tempoross - Soaked Pages X 25 | R28: Tempoross - Soaked Pages X 25 | S28: Tempoross - Soaked Pages X 25 | T28: Tempoross - Soaked Pages X 25 | U28: Tempoross - Soaked Pages X 25 | V28: Tempoross - Soaked Pages X 25 | W28: Tempoross - Soaked Pages X 25 | X28: Wintertodt - Tome of Fire | Y28: GOTR - Abyssal Lantern | Z28: GOTR - Elemental Talisman
A29: Smokey Dro | F29: ✅ | L29: {=SUM(IF( 'Individual Stats'!O29:AW29="", 0, IFERROR( VLOOKUP( 'Individual Stats'!O29:AW29, 'Accepted Drops'!$B$84:$R$328, 17, FALSE ), 0 ) ))} -> 11.125 | M29: =COUNTA(O29:AM29) -> 4 | N29: {=SUM(IFERROR(VLOOKUP('Tradeable Drops'!B29:AF29, {'Accepted Drops'!$AG$83:$AG$330,'Accepted Drops'!$AC$83:$AC$330}, 2, 0),0))} -> 21808091 | O29: Tombs of Amascut - Lightbearer | P29: Moons of Peril - Eclipse Moon Piece (any) | Q29: Tombs of Amascut - Osmunten's Fang | R29: GOTR - Catalytic Talisman
A30: Sn0ddy | F30: ✅ | L30: {=SUM(IF( 'Individual Stats'!O30:AW30="", 0, IFERROR( VLOOKUP( 'Individual Stats'!O30:AW30, 'Accepted Drops'!$B$84:$R$328, 17, FALSE ), 0 ) ))} -> 0 | M30: =COUNTA(O30:AM30) -> 0 | N30: {=SUM(IFERROR(VLOOKUP('Tradeable Drops'!B30:AF30, {'Accepted Drops'!$AG$83:$AG$330,'Accepted Drops'!$AC$83:$AC$330}, 2, 0),0))} -> 0
A31: Suntj | D31: ✅ | F31: ✅ | L31: {=SUM(IF( 'Individual Stats'!O31:AW31="", 0, IFERROR( VLOOKUP( 'Individual Stats'!O31:AW31, 'Accepted Drops'!$B$84:$R$328, 17, FALSE ), 0 ) ))} -> 26.194444 | M31: =COUNTA(O31:AM31) -> 18 | N31: {=SUM(IFERROR(VLOOKUP('Tradeable Drops'!B31:AF31, {'Accepted Drops'!$AG$83:$AG$330,'Accepted Drops'!$AC$83:$AC$330}, 2, 0),0))} -> 32587544 | O31: Dagannoth Kings - Rings (other) | P31: Gauntlet - Crystal Weapon Seed | Q31: Dagannoth Kings - Seercull | R31: Dagannoth Kings - Rings (other) | S31: Vorkath - Vorkath's Head | T31: God Wars Dungeon - Godsword Shard (any) | U31: Mortimer - Basilisk Head | V31: Mortimer - Basilisk Jaw | W31: Grotesque Guardians - Granite Maul | X31: Grotesque Guardians - Granite Ring | Y31: Scurrius - Scurrius' Spine | Z31: Scurrius - Scurrius' Spine | AA31: Dagannoth Kings - Rings (other) | AB31: Dagannoth Kings - Dragon axe | AC31: Dagannoth Kings - Berserker Ring | AD31: Phantom Muspah - Venator Shard | AE31: Phantom Muspah - Muphin | AF31: Jar/Pet - Pet
A32: Swordfish ll | L32: {=SUM(IF( 'Individual Stats'!O32:AW32="", 0, IFERROR( VLOOKUP( 'Individual Stats'!O32:AW32, 'Accepted Drops'!$B$84:$R$328, 17, FALSE ), 0 ) ))} -> 9.3333333 | M32: =COUNTA(O32:AM32) -> 5 | N32: {=SUM(IFERROR(VLOOKUP('Tradeable Drops'!B32:AF32, {'Accepted Drops'!$AG$83:$AG$330,'Accepted Drops'!$AC$83:$AC$330}, 2, 0),0))} -> 17628320 | O32: Tormented Demons - Burning Claw | P32: Zulrah - Tanzanite Fang | Q32: Zulrah - Serpentine Visage | R32: Zulrah - Magic Fang | S32: Demonic Gorillas - Ballista Limbs
A33: The Beaks | C33: ✅ | D33: ✅ | E33: ✅ | F33: ✅ | I33: ✅ | J33: ✅ | L33: {=SUM(IF( 'Individual Stats'!O33:AW33="", 0, IFERROR( VLOOKUP( 'Individual Stats'!O33:AW33, 'Accepted Drops'!$B$84:$R$328, 17, FALSE ), 0 ) ))} -> 1.75 | M33: =COUNTA(O33:AM33) -> 2 | N33: {=SUM(IFERROR(VLOOKUP('Tradeable Drops'!B33:AF33, {'Accepted Drops'!$AG$83:$AG$330,'Accepted Drops'!$AC$83:$AC$330}, 2, 0),0))} -> 4694331 | O33: Hueycoatl - Tome of Earth | P33: Royal Titans - Fire Element Staff Crown
A34: UK HMRC | B34: ✅ | C34: ✅ | D34: ✅ | E34: ✅ | F34: ✅ | I34: ✅ | J34: ✅ | K34: ✅ | L34: {=SUM(IF( 'Individual Stats'!O34:AW34="", 0, IFERROR( VLOOKUP( 'Individual Stats'!O34:AW34, 'Accepted Drops'!$B$84:$R$328, 17, FALSE ), 0 ) ))} -> 8.4583333 | M34: =COUNTA(O34:AM34) -> 8 | N34: {=SUM(IFERROR(VLOOKUP('Tradeable Drops'!B34:AF34, {'Accepted Drops'!$AG$83:$AG$330,'Accepted Drops'!$AC$83:$AC$330}, 2, 0),0))} -> 1755568 | O34: Barrows - Dharok's Piece (any) | P34: Barrows - Karil's Piece (any) | Q34: Medium Boots - Climbing Boots (g) | R34: Moons of Peril - Blue Moon Piece (any) | S34: Skilling Tools - Jeweller's Chisel | T34: Medium Boots - Spiked Manacles | U34: Royal Titans - Deadeye Prayer Scroll | V34: Royal Titans - Mystic Vigour Prayer Scroll
A35: vainqueurs | B35: ✅ | E35: ✅ | L35: {=SUM(IF( 'Individual Stats'!O35:AW35="", 0, IFERROR( VLOOKUP( 'Individual Stats'!O35:AW35, 'Accepted Drops'!$B$84:$R$328, 17, FALSE ), 0 ) ))} -> 1.25 | M35: =COUNTA(O35:AM35) -> 2 | N35: {=SUM(IFERROR(VLOOKUP('Tradeable Drops'!B35:AF35, {'Accepted Drops'!$AG$83:$AG$330,'Accepted Drops'!$AC$83:$AC$330}, 2, 0),0))} -> 9868225 | O35: Moons of Peril - Blood Moon Piece (any) | P35: Moons of Peril - Blood Moon Piece (any)
A36: Y e l l a a | D36: ✅ | L36: {=SUM(IF( 'Individual Stats'!O36:AW36="", 0, IFERROR( VLOOKUP( 'Individual Stats'!O36:AW36, 'Accepted Drops'!$B$84:$R$328, 17, FALSE ), 0 ) ))} -> 11.666667 | M36: =COUNTA(O36:AM36) -> 7 | N36: {=SUM(IFERROR(VLOOKUP('Tradeable Drops'!B36:AF36, {'Accepted Drops'!$AG$83:$AG$330,'Accepted Drops'!$AC$83:$AC$330}, 2, 0),0))} -> 17085415 | O36: Dagannoth Kings - Rings (other) | P36: Dagannoth Kings - Dragon axe | Q36: Jar/Pet - Pet | R36: Zulrah - Tanzanite Fang | S36: Abyssal Sire - Unsired | T36: Abyssal Sire - Unsired | U36: Demonic Gorillas - Monkey Tail
L37: ="Points: "&ROUND(SUM(L3:L36),1) -> Points: 424 | N37: =LET(v, SUM(N4:N36), "Total GP: "&IF(v<1000000, TEXT(v/1000,"0.00")&"k", IF(v<1000000000, TEXT(v/1000000,"0.00")&"m", TEXT(v/1000000000,"0.00")&"b"))) -> Total GP: 1.03b

Sheet Accepted Drops
C3: Mad Angel | J3: =SUM(G5*K5,G6*K6,G7*K7) -> 6 | K3: / | L3: 6 | M3: Hueycoatl | T3: =sum(Q5*U5,Q6*U6,Q7*U7,Q8*U8) -> 9 | U3: / | V3: 8 | W3: Grotesque Guardians | AD3: =SUM(AA5*AE5,AA6*AE6,AA7*AE7,AA8*AE8,AA9*AE9,AA10*AE10,AA11*AE11) -> 8 | AE3: / | AF3: 8 | AG3: Tormented Demons | AN3: =sum(AK5*AO5,AK6*AO6) -> 3 | AO3: / | AP3: 3 | AQ3: Cerberus | AX3: =sum(AU5*AY5,AU6*AY6,AU7*AY7,AU8*AY8,AU9*AY9,AU10*AY10) -> 6 | AY3: / | AZ3: 6 | BA3: Chambers of Xeric | BH3: =SUM(BE5*BI5, BE6*BI6, BE7*BI7, BE8*BI8, BE9*BI9, BE10*BI10, BE11*BI11, BE12*BI12, BE13*BI13, BE14*BI14, BE15*BI15, BE16*BI16, BE17*BI17) -> 4 | BI3: / | BJ3: 4
C4: UNIQUE | H4: RATE | K4: POINTS | M4: UNIQUE | R4: RATE | U4: POINTS | W4: UNIQUE | AB4: RATE | AE4: POINTS | AG4: UNIQUE | AL4: RATE | AO4: POINTS | AQ4: UNIQUE | AV4: RATE | AY4: POINTS | BA4: UNIQUE | BF4: RATE | BI4: POINTS
C5: Hallowfell | G5: =COUNTIF('Individual Stats'!$O$3:$AW$36, "*" & C5 & "*") -> 6 | H5: 1/127 | K5: 1 | M5: Hueycoatl Hide | Q5: =COUNTIF('Individual Stats'!$O$3:$AW$36, "*" &M5 & "*") -> 3 | R5: 1/28 | U5: 1 | W5: Granite Maul | AA5: =COUNTIF('Individual Stats'!$O$3:$AW$36, "*" &W5 & "*") -> 3 | AB5: 1/125 | AE5: 1 | AG5: Tormented Synapse | AK5: =COUNTIF('Individual Stats'!$O$3:$AW$36, "*" &AG5 & "*") -> 2 | AL5: 1/500 | AO5: 1 | AQ5: Primordial Crystal | AU5: =COUNTIF('Individual Stats'!$O$3:$AW$36, "*" &AQ5 & "*") -> 0 | AV5: 1/520 | AY5: 1 | BA5: Dexterous Prayer Scroll | BE5: =COUNTIF('Individual Stats'!$O$3:$AW$36, "*" &BA5 & "*") -> 2 | BF5: 46113 | BI5: 1
C6: Jar of Light | G6: =COUNTIF('Individual Stats'!$O$3:$AW$36, "*" & C6 & "*") -> 0 | H6: 1/1000 | K6: 2 | M6: Tome of Earth | Q6: =COUNTIF('Individual Stats'!$O$3:$AW$36, "*" &M6 & "*") -> 3 | R6: 1/90 | U6: 2 | W6: Granite Gloves | AA6: =COUNTIF('Individual Stats'!$O$3:$AW$36, "*" &W6 & "*") -> 1 | AB6: 1/250 | AE6: 1 | AG6: Burning Claw | AK6: =COUNTIF('Individual Stats'!$O$3:$AW$36, "*" &AG6 & "*") -> 1 | AL6: 1/501 | AO6: 1 | AQ6: Pegasian Crystal | AU6: =COUNTIF('Individual Stats'!$O$3:$AW$36, "*" &AQ6 & "*") -> 0 | AV6: 1/520 | AY6: 1 | BA6: Arcane Prayer Scroll | BE6: =COUNTIF('Individual Stats'!$O$3:$AW$36, "*" &BA6 & "*") -> 0 | BF6: 46113 | BI6: 1
C7: Aggy | G7: =COUNTIF('Individual Stats'!$O$3:$AW$36, "*" & C7 & "*") -> 0 | H7: 36526 | K7: 3 | M7: Dragon Hunter Wand | Q7: =COUNTIF('Individual Stats'!$O$3:$AW$36, "*" &M7 & "*") -> 0 | R7: 1/105 | U7: 2 | W7: Granite Ring | AA7: =COUNTIF('Individual Stats'!$O$3:$AW$36, "*" &W7 & "*") -> 2 | AB7: 1/250 | AE7: 1 | AG7: eKC: | AI7: =AP3/(1/500*AO5 + 1/501*AO6) -> 750.74925 | AL7: eTTC: | AN7: =AI7/50 -> 15.014985 | AQ7: Eternal Crystal | AU7: =COUNTIF('Individual Stats'!$O$3:$AW$36, "*" &AQ7 & "*") -> 3 | AV7: 1/520 | AY7: 1 | BA7: Twisted Buckler | BE7: =COUNTIF('Individual Stats'!$O$3:$AW$36, "*" &BA7 & "*") -> 0 | BF7: 1/15 | BI7: 2
C8: eKC: | E8: =L3/(1/127*K5 + 1/1000*K6 + 1/2000*K7) -> 527.51817 | H8: eTTC: | J8: =E8/40 -> 13.187954 | M8: Huberte | Q8: =COUNTIF('Individual Stats'!$O$3:$AW$36, "*" &M8 & "*") -> 0 | R8: 1/400 | U8: 3 | W8: Granite Hammer | AA8: =COUNTIF('Individual Stats'!$O$3:$AW$36, "*" &W8 & "*") -> 0 | AB8: 1/375 | AE8: 2 | AG8: Theatre of Blood | AN8: =sum(AK10*AO10,AK11*AO11,AK12*AO12,AK13*AO13,AK14*AO14,AK15*AO15,AK16*AO16,AK17*AO17,AK18*AO18) -> 0 | AO8: / | AP8: 4 | AQ8: Smouldering Stone | AU8: =COUNTIF('Individual Stats'!$O$3:$AW$36, "*" &AQ8 & "*") -> 3 | AV8: 1/520 | AY8: 1 | BA8: Dragon Hunter Crossbow | BE8: =COUNTIF('Individual Stats'!$O$3:$AW$36, "*" &BA8 & "*") -> 0 | BF8: 1/15 | BI8: 2
C9: Medium Boots | J9: =SUM(G11*K11,G12*K12,G13*K13,G14*K14,G15*K15) -> 5 | K9: / | L9: 5 | M9: eKC: | O9: =V3/(1/28.64*U5 + 1/90*U6 + 1/105*U7 + 1/400*U8) -> 95.595392 | R9: eTTC: | T9: =O9/7 -> 13.656485 | W9: Black Tourmaline Core | AA9: =COUNTIF('Individual Stats'!$O$3:$AW$36, "*" &W9 & "*") -> 1 | AB9: 1/500 | AE9: 2 | AG9: UNIQUE | AL9: RATE | AO9: POINTS | AQ9: Jar of Souls | AU9: =COUNTIF('Individual Stats'!$O$3:$AW$36, "*" &AQ9 & "*") -> 0 | AV9: 36526 | AY9: 2 | BA9: Ancestral Piece (any) | BE9: =COUNTIF('Individual Stats'!$O$3:$AW$36, "*" &BA9 & "*") -> 1 | BF9: 46143 | BI9: 2
C10: UNIQUE | H10: RATE | K10: POINTS | M10: Yama | T10: =sum(Q12*U12,Q13*U13,Q14*U14) -> 1 | U10: / | V10: 3 | W10: Jar of Stone | AA10: =COUNTIF('Individual Stats'!$O$3:$AW$36, "*" &W10 & "*") -> 0 | AB10: 1132254 | AE10: 3 | AG10: Avernic Defender Hilt | AK10: =COUNTIF('Individual Stats'!$O$3:$AW$36, "*" &AG10 & "*") -> 0 | AL10: 46054 | AO10: 1 | AQ10: Hellpuppy | AU10: =COUNTIF('Individual Stats'!$O$3:$AW$36, "*" &AQ10 & "*") -> 0 | AV10: 401769 | AY10: 2 | BA10: Dinh's Bulwark | BE10: =COUNTIF('Individual Stats'!$O$3:$AW$36, "*" &BA10 & "*") -> 0 | BF10: 1/20 | BI10: 2
C11: Ranger Boots | G11: =COUNTIF('Individual Stats'!$O$3:$AW$36, "*" &C11 & "*") -> 1 | H11: 1/283 | K11: 1 | M11: UNIQUE | R11: RATE | U11: POINTS | W11: Noon | AA11: =COUNTIF('Individual Stats'!$O$3:$AW$36, "*" &W11 & "*") -> 0 | AB11: 401769 | AE11: 3 | AG11: Ghrazi Rapier | AK11: =COUNTIF('Individual Stats'!$O$3:$AW$36, "*" &AG11 & "*") -> 0 | AL11: 46296 | AO11: 2 | AQ11: eKC: | AS11: =AZ3/(1/520*AY5 + 1/520*AY6 + 1/520*AY7 + 1/520*AY8 + 1/2000*AY9 + 1/3000*AY10) -> 641.09589 | AV11: eTTC: | AX11: =AS11/50 -> 12.821918 | BA11: Dragon Claws | BE11: =COUNTIF('Individual Stats'!$O$3:$AW$36, "*" &BA11 & "*") -> 0 | BF11: 1/20 | BI11: 2
C12: Wizard Boots | G12: =COUNTIF('Individual Stats'!$O$3:$AW$36, "*" &C12 & "*") -> 0 | H12: 1/283 | K12: 1 | M12: Soulflame Horn | Q12: =COUNTIF('Individual Stats'!$O$3:$AW$36, "*" &M12 & "*") -> 1 | R12: 1/300 | U12: 1 | W12: eKC: | Y12: =AF3/(1/125*AE5 + 1/250*AE6 + 1/250*AE7 + 1/375*AE8 + 1/500*AE9 + 1/5000*AE10 + 1/3000*AE11) -> 297.0297 | AB12: eTTC: | AD12: =Y12/24 -> 12.376238 | AG12: Sanguinesti Staff | AK12: =COUNTIF('Individual Stats'!$O$3:$AW$36, "*" &AG12 & "*") -> 0 | AL12: 46296 | AO12: 2 | AQ12: Mortimer | AX12: =SUM(AU14*AY14, AU15*AY15, AU16*AY16, AU17*AY17, AU18*AY18, AU19*AY19, AU20*AY20, AU21*AY21, AU22*AY22, AU23*AY23, AU24*AY24, AU25*AY25, AU26*AY26, AU27*AY27, AU28*AY28, AU29*AY29, AU30*AY30, AU31*AY31, AU32*AY32, AU33*AY33, AU34*AY34, AU35*AY35, AU36*AY36, AU37*AY37) -> 15 | AY12: / | AZ12: 15 | BA12: Elder Maul | BE12: =COUNTIF('Individual Stats'!$O$3:$AW$36, "*" &BA12 & "*") -> 0 | BF12: 1/30 | BI12: 3
C13: Holy Sandals | G13: =COUNTIF('Individual Stats'!$O$3:$AW$36, "*" &C13 & "*") -> 1 | H13: 1/283 | K13: 1 | M13: Oathplate Piece (any) | Q13: =COUNTIF('Individual Stats'!$O$3:$AW$36, "*" &M13 & "*") -> 0 | R13: 1/200 | U13: 2 | W13: Tempoross | AD13: =sum(AA15*AE15,AA16*AE16,AA17*AE17,AA18*AE18,AA19*AE19,AA20*AE20,AA21*AE21) -> 10 | AE13: / | AF13: 10 | AG13: Justiciar Piece (any) | AK13: =COUNTIF('Individual Stats'!$O$3:$AW$36, "*" &AG13 & "*") -> 0 | AL13: 46082 | AO13: 2 | AQ13: UNIQUE | AV13: RATE | AY13: POINTS | BA13: Kodai Insignia | BE13: =COUNTIF('Individual Stats'!$O$3:$AW$36, "*" &BA13 & "*") -> 0 | BF13: 1/30 | BI13: 3
C14: Spiked Manacles | G14: =COUNTIF('Individual Stats'!$O$3:$AW$36, "*" &C14 & "*") -> 2 | H14: 1/283 | K14: 1 | M14: Yami | Q14: =COUNTIF('Individual Stats'!$O$3:$AW$36, "*" &M14 & "*") -> 0 | R14: 219148 | U14: 2 | W14: UNIQUE | AB14: RATE | AE14: POINTS | AG14: Scythe of Vitur | AK14: =COUNTIF('Individual Stats'!$O$3:$AW$36, "*" &AG14 & "*") -> 0 | AL14: 1/19 | AO14: 3 | AQ14: Basilisk Head | AU14: =COUNTIF('Individual Stats'!$O$3:$AW$36, "*" &AQ14 & "*") -> 1 | AV14: 36526 | AY14: 2 | BA14: Twisted Bow | BE14: =COUNTIF('Individual Stats'!$O$3:$AW$36, "*" &BA14 & "*") -> 0 | BF14: 1/30 | BI14: 3
C15: Climbing Boots (g) | G15: =COUNTIF('Individual Stats'!$O$3:$AW$36, "*" &C15 & "*") -> 1 | H15: 1/283 | K15: 1 | M15: eKC: | O15: =V10/(1/300*U12 + 1/200*U13 + 1/2500*U14) -> 212.26415 | R15: eTTC: | T15: =O15/10 -> 21.226415 | W15: Fish Barrel | AA15: =COUNTIF('Individual Stats'!$O$3:$AW$36, "*" &W15 & "*") -> 0 | AB15: 1/400 | AE15: 1 | AG15: Holy Ornament Kit | AK15: =COUNTIF('Individual Stats'!$O$3:$AW$36, "*" &AG15 & "*") -> 0 | AL15: 1/100 | AO15: 3 | AQ15: Basilisk Jaw | AU15: =COUNTIF('Individual Stats'!$O$3:$AW$36, "*" &AQ15 & "*") -> 1 | AV15: 1/1000 | AY15: 3 | BA15: Olmet | BE15: =COUNTIF('Individual Stats'!$O$3:$AW$36, "*" &BA15 & "*") -> 0 | BF15: 1/53 | BI15: 3
C16: eKC: | E16: =L9/(1/283*K11 + 1/283*K12 + 1/283*K13 + 1/283*K14 + 1/283*K15) -> 283 | H16: eTTC: | J16: =E16/20 -> 14.15 | M16: Vorkath | T16: =sum(Q18*U18,Q19*U19,Q20*U20,Q21*U21,Q22*U22,Q23*U23) -> 9 | U16: / | V16: 8 | W16: Tackle Box | AA16: =COUNTIF('Individual Stats'!$O$3:$AW$36, "*" &W16 & "*") -> 0 | AB16: 1/400 | AE16: 1 | AG16: Sanguine Ornament Kit | AK16: =COUNTIF('Individual Stats'!$O$3:$AW$36, "*" &AG16 & "*") -> 0 | AL16: 1/150 | AO16: 3 | AQ16: Horn of Plenty | AU16: =COUNTIF('Individual Stats'!$O$3:$AW$36, "*" &AQ16 & "*") -> 0 | AV16: 1/1000 | AY16: 2 | BA16: Twisted Ancestral Colour Kit | BE16: =COUNTIF('Individual Stats'!$O$3:$AW$36, "*" &BA16 & "*") -> 0 | BF16: 1/75 | BI16: 3
C17: God Wars Dungeon | J17: =SUM(G19*K19, G20*K20, G21*K21, G22*K22, G23*K23, G24*K24, G25*K25, G26*K26, G27*K27, G28*K28, G29*K29, G30*K30, G31*K31, G32*K32) -> 18 | K17: / | L17: 18 | M17: UNIQUE | R17: RATE | U17: POINTS | W17: Soaked Pages X 25 | AA17: =COUNTIF('Individual Stats'!$O$3:$AW$36, "*" &W17 & "*") -> 8 | AB17: 1/400 | AE17: 1 | AG17: Sanguine Dust | AK17: =COUNTIF('Individual Stats'!$O$3:$AW$36, "*" &AG17 & "*") -> 0 | AL17: 1/275 | AO17: 3 | AQ17: Belle's Folly | AU17: =COUNTIF('Individual Stats'!$O$3:$AW$36, "*" &AQ17 & "*") -> 1 | AV17: 1/75 | AY17: 1 | BA17: Metamorphic Dust | BE17: =COUNTIF('Individual Stats'!$O$3:$AW$36, "*" &BA17 & "*") -> 0 | BF17: 1/400 | BI17: 3
C18: UNIQUE | H18: RATE | K18: POINTS | M18: Vorkath's Head | Q18: =COUNTIF('Individual Stats'!$O$3:$AW$36, "*" &M18 & "*") -> 6 | R18: 1/50 | U18: 1 | W18: Big Harpoonfish | AA18: =COUNTIF('Individual Stats'!$O$3:$AW$36, "*" &W18 & "*") -> 0 | AB18: 1/1600 | AE18: 2 | AG18: Lil' Zik | AK18: =COUNTIF('Individual Stats'!$O$3:$AW$36, "*" &AG18 & "*") -> 0 | AL18: 1/500-650 | AO18: 3 | AQ18: Antler Guard | AU18: =COUNTIF('Individual Stats'!$O$3:$AW$36, "*" &AQ18 & "*") -> 0 | AV18: 1/650 | AY18: 1 | BA18: eKC: | BC18: =BJ3/(33/867.6 * (14/60*BI5 + 14/60*BI6 + 1/15*BI7 + 1/15*BI8 + 1/5*BI9 + 1/20*BI10 + 1/20*BI11 + 1/30*BI12 + 1/30*BI13 + 1/30*BI14 + 1/53*BI15)) -> 62.22932 | BF18: eTTC: | BH18: =BC18/3 -> 20.743107
C19: Saradomin Sword | G19: =COUNTIF('Individual Stats'!$O$3:$AW$36, "*" &C19 & "*") -> 1 | H19: 1/127 | K19: 2 | M19: Dragonbone Necklace | Q19: =COUNTIF('Individual Stats'!$O$3:$AW$36, "*" &M19 & "*") -> 0 | R19: 1/1000 | U19: 2 | W19: Tome of Water | AA19: =COUNTIF('Individual Stats'!$O$3:$AW$36, "*" &W19 & "*") -> 1 | AB19: 1/1600 | AE19: 2 | AG19: eKC: | AI19: =AP8/((1/9.1 * 1/3 * (1/2.375*AO10 + 1/9.5*AO11 + 1/9.5*AO12 + 3/9.5*AO13 + 1/19*AO14) + 1/500*AO18)) -> 60.822814 | AL19: eTTC: | AN19: =AI19/3 -> 20.274271 | AQ19: Warped Sceptre | AU19: =COUNTIF('Individual Stats'!$O$3:$AW$36, "*" &AQ19 & "*") -> 0 | AV19: 1/320 | AY19: 1 | BA19: CM eKC: | BC19: =BJ3/(65/867.6 * (12/56*BI5 + 12/56*BI6 + 1/14*BI7 + 1/14*BI8 + 3/14*BI9 + 3/56*BI10 + 3/56*BI11 + 1/28*BI12 + 1/28*BI13 + 1/28*BI14 + 1/53*BI15) + 1/75*BI16 + 1/400*BI17) -> 22.535447 | BF19: CM eTTC: | BH19: =BC19/1.7 -> 13.256145
C20: Saradomin's Light | G20: =COUNTIF('Individual Stats'!$O$3:$AW$36, "*" &C20 & "*") -> 0 | H20: 1/254 | K20: 2 | M20: Draconic Visage | Q20: =COUNTIF('Individual Stats'!$O$3:$AW$36, "*" &M20 & "*") -> 0 | R20: 1132254 | U20: 4 | W20: Dragon Harpoon | AA20: =COUNTIF('Individual Stats'!$O$3:$AW$36, W13&" - *" &W20 & "*") -> 0 | AB20: 2227981 | AE20: 3 | AG20: HM eKC: | AI20: =AP8/((1/7.7 * 1/3 * (1/2.571*AO10 + 1/9*AO11 + 1/9*AO12 + 3/9*AO13 + 1/18*AO14) + 1/500*AO18 + 1/100*AO15 + 1/150*AO16 + 1/275*AO17)) -> 28.764155 | AL20: HM eTTC: | AN20: =AI20/3 -> 9.5880516 | AQ20: Black Mask | AU20: =COUNTIF('Individual Stats'!$O$3:$AW$36, "*" &AQ20 & "*") -> 0 | AV20: 1/512 | AY20: 1 | BA20: Demonic Gorillas | BH20: =sum(BE22*BI22,BE23*BI23,BE24*BI24,BE25*BI25,BE26*BI26,BE27*BI27) -> 10 | BI20: / | BJ20: 10
C21: Armadyl Crossbow | G21: =COUNTIF('Individual Stats'!$O$3:$AW$36, "*" &C21 & "*") -> 1 | H21: 1/508 | K21: 4 | M21: Skeletal Visage | Q21: =COUNTIF('Individual Stats'!$O$3:$AW$36, "*" &M21 & "*") -> 0 | R21: 1132254 | U21: 4 | W21: Tiny Tempor | AA21: =COUNTIF('Individual Stats'!$O$3:$AW$36, "*" &W21 & "*") -> 0 | AB21: 2227981 | AE21: 3 | AG21: GOTR | AN21: =sum(AK23*AO23,AK24*AO24,AK25*AO25,AK26*AO26,AK27*AO27,AK28*AO28) -> 10 | AO21: / | AP21: 10 | AQ21: Leaf-bladed Sword | AU21: =COUNTIF('Individual Stats'!$O$3:$AW$36, "*" &AQ21 & "*") -> 3 | AV21: 1/384 | AY21: 1 | BA21: UNIQUE | BF21: RATE | BI21: POINTS
C22: Saradomin Hilt | G22: =COUNTIF('Individual Stats'!$O$3:$AW$36, "*" &C22 & "*") -> 0 | H22: 1/508 | K22: 4 | M22: Jar of Decay | Q22: =COUNTIF('Individual Stats'!$O$3:$AW$36, "*" &M22 & "*") -> 1 | R22: 401769 | U22: 3 | W22: eKC: | Y22: =AF13/(1/400*AE15 + 1/400*AE16 + 1/400*AE17 + 1/1600*AE18 + 1/1600*AE19 + 1/8000*AE20 + 1/8000*AE21) -> 930.23256 | AB22: eTTC: | AD22: =Y22/60 -> 15.503876 | AG22: UNIQUE | AL22: RATE | AO22: POINTS | AQ22: Leaf-bladed Battleaxe | AU22: =COUNTIF('Individual Stats'!$O$3:$AW$36, "*" &AQ22 & "*") -> 0 | AV22: 1/512 | AY22: 1 | BA22: Zenyte Shard | BE22: =COUNTIF('Individual Stats'!$O$3:$AW$36, "*" &BA22 & "*") -> 1 | BF22: 1/300 | BI22: 2
C23: Bandos Piece (any) | G23: =COUNTIF('Individual Stats'!$O$3:$AW$36, "*" &C23 & "*") -> 1 | H23: 1/127 | K23: 2 | M23: Vorki | Q23: =COUNTIF('Individual Stats'!$O$3:$AW$36, "*" &M23 & "*") -> 0 | R23: 401769 | U23: 3 | W23: Tombs of Amascut | AD23: =sum(AA25*AE25,AA26*AE26,AA27*AE27,AA28*AE28,AA29*AE29,AA30*AE30) -> 4 | AE23: / | AF23: 4 | AG23: Catalytic Talisman | AK23: =COUNTIF('Individual Stats'!$O$3:$AW$36, "*" &AG23 & "*") -> 4 | AL23: 1/200 | AO23: 1 | AQ23: Kurask Head | AU23: =COUNTIF('Individual Stats'!$O$3:$AW$36, "*" &AQ23 & "*") -> 0 | AV23: 401769 | AY23: 2 | BA23: Ballista Limbs | BE23: =COUNTIF('Individual Stats'!$O$3:$AW$36, "*" &BA23 & "*") -> 2 | BF23: 1/500 | BI23: 1
C24: Bandos Hilt | G24: =COUNTIF('Individual Stats'!$O$3:$AW$36, "*" &C24 & "*") -> 1 | H24: 1/508 | K24: 4 | M24: eKC: | O24: =V16/(1/50*U18 + 1/1000*U19 + 1/5000/U20 + 1/5000*U21 + 1/3000*U22 + 1/3000*U23) -> 321.93159 | R24: eTTC: | T24: =O24/30 -> 10.731053 | W24: UNIQUE | AB24: RATE | AE24: POINTS | AG24: Elemental Talisman | AK24: =COUNTIF('Individual Stats'!$O$3:$AW$36, "*" &AG24 & "*") -> 2 | AL24: 1/306.3 | AO24: 1 | AQ24: Blood Shard | AU24: =COUNTIF('Individual Stats'!$O$3:$AW$36, AQ12&" - *" &AQ24 & "*") -> 0 | AV24: 1/860 | AY24: 1 | BA24: Ballista Spring | BE24: =COUNTIF('Individual Stats'!$O$3:$AW$36, "*" &BA24 & "*") -> 2 | BF24: 1/500 | BI24: 1
C25: Armadyl Piece (any) | G25: =COUNTIF('Individual Stats'!$O$3:$AW$36, "*" &C25 & "*") -> 0 | H25: 1/127 | K25: 2 | M25: Araxxor | T25: =sum(Q27*U27,Q28*U28,Q29*U29,Q30*U30,Q31*U31) -> 12 | U25: / | V25: 12 | W25: Osmunten's Fang | AA25: =COUNTIF('Individual Stats'!$O$3:$AW$36, "*" &W25 & "*") -> 1 | AB25: 46082 | AE25: 1 | AG25: Abyssal Needle | AK25: =COUNTIF('Individual Stats'!$O$3:$AW$36, "*" &AG25 & "*") -> 0 | AL25: 1/300 | AO25: 1 | AQ25: Aquanite Tendon | AU25: =COUNTIF('Individual Stats'!$O$3:$AW$36, "*" &AQ25 & "*") -> 0 | AV25: 1/750 | AY25: 1 | BA25: Light Frame | BE25: =COUNTIF('Individual Stats'!$O$3:$AW$36, "*" &BA25 & "*") -> 0 | BF25: 1/750 | BI25: 1
C26: Armadyl Hilt | G26: =COUNTIF('Individual Stats'!$O$3:$AW$36, "*" &C26 & "*") -> 0 | H26: 1/508 | K26: 4 | M26: UNIQUE | R26: RATE | U26: POINTS | W26: Lightbearer | AA26: =COUNTIF('Individual Stats'!$O$3:$AW$36, "*" &W26 & "*") -> 1 | AB26: 46082 | AE26: 1 | AG26: Abyssal Lantern | AK26: =COUNTIF('Individual Stats'!$O$3:$AW$36, "*" &AG26 & "*") -> 2 | AL26: 1/700 | AO26: 1 | AQ26: Drake's Tooth | AU26: =COUNTIF('Individual Stats'!$O$3:$AW$36, "*" &AQ26 & "*") -> 0 | AV26: 1/512 | AY26: 2 | BA26: Heavy Frame | BE26: =COUNTIF('Individual Stats'!$O$3:$AW$36, "*" &BA26 & "*") -> 0 | BF26: 1/1500 | BI26: 2
C27: Steam Battlestaff | G27: =COUNTIF('Individual Stats'!$O$3:$AW$36, "*" &C27 & "*") -> 0 | H27: 1/127 | K27: 1 | M27: Noxious Piece (any) | Q27: =COUNTIF('Individual Stats'!$O$3:$AW$36, "*" &M27 & "*") -> 4 | R27: 1/200 | U27: 2 | W27: Elidinis' Ward | AA27: =COUNTIF('Individual Stats'!$O$3:$AW$36, "*" &W27 & "*") -> 0 | AB27: 46235 | AE27: 2 | AG27: Abyssal Dye (any) | AK27: =COUNTIF('Individual Stats'!$O$3:$AW$36, "*" &AG27 & "*") -> 1 | AL27: 1/400 | AO27: 2 | AQ27: Drake's Claw | AU27: =COUNTIF('Individual Stats'!$O$3:$AW$36, "*" &AQ27 & "*") -> 0 | AV27: 1/512 | AY27: 2 | BA27: Monkey Tail | BE27: =COUNTIF('Individual Stats'!$O$3:$AW$36, "*" &BA27 & "*") -> 2 | BF27: 1/1500 | BI27: 2
C28: Zamorakian Spear | G28: =COUNTIF('Individual Stats'!$O$3:$AW$36, "*" &C28 & "*") -> 0 | H28: 1/127 | K28: 2 | M28: Araxyte Fang | Q28: =COUNTIF('Individual Stats'!$O$3:$AW$36, "*" &M28 & "*") -> 0 | R28: 1/600 | U28: 2 | W28: Masori Piece (any) | AA28: =COUNTIF('Individual Stats'!$O$3:$AW$36, "*" &W28 & "*") -> 1 | AB28: 46113 | AE28: 2 | AG28: Abyssal Protector | AK28: =COUNTIF('Individual Stats'!$O$3:$AW$36, "*" &AG28 & "*") -> 0 | AL28: 1/4000 | AO28: 3 | AQ28: Dragon Harpoon | AU28: =COUNTIF('Individual Stats'!$O$3:$AW$36,AQ12&" - *" &AQ28 & "*") -> 1 | AV28: 36526 | AY28: 3 | BA28: eKC: | BC28: =BJ20/(1/300*BI22 + 1/500*BI23 + 1/500*BI24 + 1/750*BI25 + 1/1500*BI26 + 1/1500*BI27) -> 681.81818 | BF28: eTTC: | BH28: =BC28/50 -> 13.636364
C29: Staff of the Dead | G29: =COUNTIF('Individual Stats'!$O$3:$AW$36, "*" &C29 & "*") -> 1 | H29: 1/508 | K29: 2 | M29: Araxyte Head | Q29: =COUNTIF('Individual Stats'!$O$3:$AW$36, "*" &M29 & "*") -> 1 | R29: 1/250 | U29: 1 | W29: Tumeken's Shadow | AA29: =COUNTIF('Individual Stats'!$O$3:$AW$36, "*" &W29 & "*") -> 0 | AB29: 1/24 | AE29: 3 | AG29: eKC: | AI29: =AP21/(1/200*AO23 + 1/273*AO24 + 1/300*AO25 + 1/700*AO26 + 1/400*AO27 + 1/4000*AO28) -> 521.51488 | AL29: eTTC: | AN29: =AI29/30 -> 17.383829 | AQ29: Dark Bow | AU29: =COUNTIF('Individual Stats'!$O$3:$AW$36, "*" &AQ29 & "*") -> 0 | AV29: 1/512 | AY29: 2 | BA29: Royal Titans | BH29: =sum(BE31*BI31,BE32*BI32,BE33*BI33,BE34*BI34,BE35*BI35) -> 10 | BI29: / | BJ29: 10
C30: Zamorak Hilt | G30: =COUNTIF('Individual Stats'!$O$3:$AW$36, "*" &C30 & "*") -> 0 | H30: 1/508 | K30: 2 | M30: Jar of Venom | Q30: =COUNTIF('Individual Stats'!$O$3:$AW$36, "*" &M30 & "*") -> 1 | R30: 1/1500 | U30: 3 | W30: Tumeken's Guardian | AA30: =COUNTIF('Individual Stats'!$O$3:$AW$36, "*" &W30 & "*") -> 0 | AB30: variable | AE30: 3 | AG30: Armoured Zombies | AN30: =sum(AK32*AO32,AK33*AO33) -> 8 | AO30: / | AP30: 8 | AQ30: Occult necklace | AU30: =COUNTIF('Individual Stats'!$O$3:$AW$36, "*" &AQ30 & "*") -> 0 | AV30: 1/512 | AY30: 1 | BA30: UNIQUE | BF30: RATE | BI30: POINTS
C31: Godsword Shard (any) | G31: =COUNTIF('Individual Stats'!$O$3:$AW$36, "*" &C31 & "*") -> 4 | H31: 1/254 | K31: 1 | M31: Nid | Q31: =COUNTIF('Individual Stats'!$O$3:$AW$36, "*" &M31 & "*") -> 0 | R31: 1/1500 | U31: 3 | W31: eKC: | Y31: =AF23/(0.012389*AE25 + 0.012389*AE26 + 0.005309*AE27 + 3*0.00354*AE28 + 0.00177*AE29 + 0.001365*AE30) -> 60.568435 | AB31: eTTC: | AD31: =Y31/1.75 -> 34.610534 | AG31: UNIQUE | AL31: RATE | AO31: POINTS | AQ31: Aranea Boots | AU31: =COUNTIF('Individual Stats'!$O$3:$AW$36, "*" &AQ31 & "*") -> 0 | AV31: 1/800 | AY31: 2 | BA31: Fire Element Staff Crown | BE31: =COUNTIF('Individual Stats'!$O$3:$AW$36, "*" &BA31 & "*") -> 1 | BF31: 1/75 | BI31: 1
C32: Pet | G32: =COUNTIF('Individual Stats'!$O$3:$AW$36, C17&" - *" &C32 & "*") -> 0 | H32: 1132254 | K32: 3 | M32: eKC: | O32: =V25/(1/200*U27 + 1/600*U28 + 1/250*U29 + 1/1500*U30 + 1/1500*U31) -> 562.5 | R32: eTTC: | T32: =O32/41 -> 13.719512 | W32: Zulrah | AD32: =sum(AA34*AE34,AA35*AE35,AA36*AE36,AA37*AE37,AA38*AE38,AA39*AE39,AA40*AE40) -> 6 | AE32: / | AF32: 6 | AG32: Zombie Axe | AK32: =COUNTIF('Individual Stats'!$O$3:$AW$36, "*" &AG32 & "*") -> 4 | AL32: 1/600-800 | AO32: 1 | AQ32: Abyssal Whip | AU32: =COUNTIF('Individual Stats'!$O$3:$AW$36, "*" &AQ32 & "*") -> 1 | AV32: 1/512 | AY32: 1 | BA32: Ice Element Staff Crown | BE32: =COUNTIF('Individual Stats'!$O$3:$AW$36, "*" &BA32 & "*") -> 4 | BF32: 1/75 | BI32: 1
C33: A eKC: | E33: =L17/(15/1524*K31 + (9/16129 + 3/381)*K25 + 1/508*K26 + 1/5000*K32) -> 511.64607 | H33: eTTC: | J33: =E33/27 -> 18.949855 | M33: Zalcano | T33: =sum(Q35*U35,Q36*U36,Q37*U37,Q38*U38) -> 1 | U33: / | V33: 1 | W33: UNIQUE | AB33: RATE | AE33: POINTS | AG33: Zombie Helm | AK33: =COUNTIF('Individual Stats'!$O$3:$AW$36, "*" &AG33 & "*") -> 4 | AL33: 1/600 | AO33: 1 | AQ33: Abyssal Head | AU33: =COUNTIF('Individual Stats'!$O$3:$AW$36, "*" &AQ33 & "*") -> 1 | AV33: 1497496 | AY33: 2 | BA33: Mystic Vigour Prayer Scroll | BE33: =COUNTIF('Individual Stats'!$O$3:$AW$36, "*" &BA33 & "*") -> 2 | BF33: 1/75 | BI33: 1
C34: B eKC: | E34: =L17/(15/1524*K31 + (9/16256 + 3/381)*K23 + 1/508*K24 + 1/5000*K32) -> 511.7729 | H34: eTTC: | J34: =E34/27 -> 18.954552 | M34: UNIQUE | R34: RATE | U34: POINTS | W34: Tanzanite Fang | AA34: =COUNTIF('Individual Stats'!$O$3:$AW$36, "*" &W34 & "*") -> 3 | AB34: 1/512 | AE34: 1 | AG34: eKC: | AI34: =AP30/(1/600*AO32 + 1/600*AO33) -> 2400 | AL34: eTTC: | AQ34: Crawling Hand | AU34: =COUNTIF('Individual Stats'!$O$3:$AW$36, "*" &AQ34 & "*") -> 0 | AV34: 1/500 | AY34: 1 | BA34: Deadeye Prayer Scroll | BE34: =COUNTIF('Individual Stats'!$O$3:$AW$36, "*" &BA34 & "*") -> 1 | BF34: 1/75 | BI34: 1
C35: S eKC: | E35: =L17/(15/1524*K31 + (1/127 + 3/5376)*K19 + 1/508*K22 + 1/254*K20 + 1/508*K21 + 1/5000*K32) -> 353.4355 | H35: eTTC: | J35: =E35/27 -> 13.090204 | M35: Crystal Tool Seed | Q35: =COUNTIF('Individual Stats'!$O$3:$AW$36, "*" &M35 & "*") -> 1 | R35: 1/205 | U35: 1 | W35: Magic Fang | AA35: =COUNTIF('Individual Stats'!$O$3:$AW$36, "*" &W35 & "*") -> 1 | AB35: 1/512 | AE35: 1 | AG35: Gauntlet | AN35: =sum(AK37*AO37,AK38*AO38,AK39*AO39,AK40*AO40) -> 9 | AO35: / | AP35: 6 | AQ35: Cockatrice Head | AU35: =COUNTIF('Individual Stats'!$O$3:$AW$36, "*" &AQ35 & "*") -> 0 | AV35: 1/1000 | AY35: 1 | BA35: Bran | BE35: =COUNTIF('Individual Stats'!$O$3:$AW$36, "*" &BA35 & "*") -> 1 | BF35: 1/1500 | BI35: 2
C36: Z eKC: | E36: =L17/(15/1524*K31 + (1/127 + 3/5376)*K28 + 1/508*K30 + 1/254*K20 + 1/127*K27 + 1/508*K29 + 1/5000*K32) -> 353.4355 | H36: eTTC: | J36: =E36/26 -> 13.593673 | M36: Zalcano Shard | Q36: =COUNTIF('Individual Stats'!$O$3:$AW$36, "*" &M36 & "*") -> 0 | R36: 1/750-1500 | U36: 1 | W36: Serpentine Visage | AA36: =COUNTIF('Individual Stats'!$O$3:$AW$36, "*" &W36 & "*") -> 1 | AB36: 1/512 | AE36: 1 | AG36: UNIQUE | AL36: RATE | AO36: POINTS | AQ36: Imbued Heart | AU36: =COUNTIF('Individual Stats'!$O$3:$AW$36, "*" &AQ36 & "*") -> 0 | AV36: variable | AY36: 5 | BA36: eKC: | BC36: =BJ29/(1/75*BI31 + 1/75*BI32 + 1/75*BI33 + 1/75*BI34 + 1/1500*BI35) -> 182.92683 | BF36: eTTC: | BH36: =BC36/20 -> 9.1463415
C37: Wintertodt | J37: =sum(G39*K39,G40*K40,G41*K41) -> 1 | K37: / | L37: 1 | M37: Uncut Onyx | Q37: =COUNTIF('Individual Stats'!$O$3:$AW$36, M33 & " - *" &M37 & "*") -> 0 | R37: 2227981 | U37: 1 | W37: Uncut Onyx | AA37: =COUNTIF('Individual Stats'!$O$3:$AW$36, W32 & " - *" &W37 & "*") -> 1 | AB37: 1/512 | AE37: 1 | AG37: Crystal Weapon Seed | AK37: =COUNTIF('Individual Stats'!$O$3:$AW$36, "*" &AG37 & "*") -> 5 | AL37: 1/50 | AO37: 1 | AQ37: Eternal Gem | AU37: =COUNTIF('Individual Stats'!$O$3:$AW$36, "*" &AQ37 & "*") -> 0 | AV37: variable | AY37: 5 | BA37: Abyssal Sire | BH37: =sum(BE39*BI39) -> 5 | BI37: / | BJ37: 5
C38: UNIQUE | H38: RATE | K38: POINTS | M38: Smolcano | Q38: =COUNTIF('Individual Stats'!$O$3:$AW$36, "*" &M38 & "*") -> 0 | R38: 127837 | U38: 1 | W38: Mutagen (any) | AA38: =COUNTIF('Individual Stats'!$O$3:$AW$36, "*" &W38 & "*") -> 0 | AB38: 502211 | AE38: 3 | AG38: Crystal Armour Seed | AK38: =COUNTIF('Individual Stats'!$O$3:$AW$36, "*" &AG38 & "*") -> 1 | AL38: 1/50 | AO38: 1 | AQ38: N/A | BA38: UNIQUE | BF38: RATE | BI38: POINTS
C39: Tome of Fire | G39: =COUNTIF('Individual Stats'!$O$3:$AW$36, "*" &C39 & "*") -> 1 | H39: 1/1000 | K39: 1 | M39: eKC: | O39: =V33/(1/15 * (1/205.2*U35 + 1/8000*U37) + 1/1200*U36 + 1/2250*U38) -> 620.73347 | R39: eTTC: | T39: =O39/48 -> 12.931947 | W39: Jar of Swamp | AA39: =COUNTIF('Individual Stats'!$O$3:$AW$36, "*" &W39 & "*") -> 0 | AB39: 401769 | AE39: 2 | AG39: Enhanced Crystal Weapon Seed | AK39: =COUNTIF('Individual Stats'!$O$3:$AW$36, "*" &AG39 & "*") -> 1 | AL39: 1/400 | AO39: 3 | AQ39: Phantom Muspah | AX39: =sum(AU41*AY41,AU42*AY42) -> 6 | AY39: / | AZ39: 5 | BA39: Unsired | BE39: =COUNTIF('Individual Stats'!$O$3:$AW$36, "*" &BA39 & "*") -> 5 | BF39: 1/100 | BI39: 1
C40: Dragon Axe | G40: =COUNTIF('Individual Stats'!$O$3:$AW$36, C37&" - *" &C40 & "*") -> 0 | H40: 1/10000 | K40: 1 | M40: Barrows | T40: =sum(Q42*U42,Q43*U43,Q44*U44,Q45*U45,Q46*U46,Q47*U47) -> 12 | U40: / | V40: 12 | W40: Pet Snakeling | AA40: =COUNTIF('Individual Stats'!$O$3:$AW$36, "*" &W40 & "*") -> 0 | AB40: 767011 | AE40: 2 | AG40: Youngllef | AK40: =COUNTIF('Individual Stats'!$O$3:$AW$36, "*" &AG40 & "*") -> 0 | AL40: 1/800 | AO40: 3 | AQ40: UNIQUE | AV40: RATE | AY40: POINTS | BA40: eKC: | BC40: =BJ37/(1/100*BI39) -> 500 | BF40: eTTC: | BH40: =BC40/39 -> 12.820513
C41: Phoenix | G41: =COUNTIF('Individual Stats'!$O$3:$AW$36, "*" &C41 & "*") -> 0 | H41: 1132254 | K41: 1 | M41: UNIQUE | R41: RATE | U41: POINTS | W41: eKC: | Y41: =AF32/(1/512*AE34 + 1/512*AE35 + 1/512*AE36 + 1/512*AE37 + 2/6551*AE38 + 1/3000*AE39 + 1/4000*AE40) -> 606.36334 | AB41: eTTC: | AD41: =Y41/35 -> 17.324667 | AG41: eKC: | AI41: =AP35/(1/50*AO37 + 1/50*AO38 + 1/400*AO39 + 1/800*AO40) -> 117.07317 | AL41: eTTC: | AN41: =AI41/6 -> 19.512195 | AQ41: Venator Shard | AU41: =COUNTIF('Individual Stats'!$O$3:$AW$36, "*" &AQ41 & "*") -> 4 | AV41: 1/100 | AY41: 1 | BA41: Maggot King | BH41: =sum(BE43*BI43,BE44*BI44,BE45*BI45) -> 1 | BI41: / | BJ41: 2
C42: eKC: | E42: =L37/(1/1000*K39 + 1/10000*K40 + 1/5000*K41) -> 769.23077 | H42: eTTC: | J42: =E42/45 -> 17.094017 | M42: Ahrim's Piece (any) | Q42: =COUNTIF('Individual Stats'!$O$3:$AW$36, "*" &M42 & "*") -> 1 | R42: 1/15 | U42: 1 | W42: Scurrius | AD42: =sum(AA44*AE44,AA45*AE45) -> 10 | AE42: / | AF42: 10 | AG42: Wilderness Trio | AN42: =SUM(AK44*AO44, AK45*AO45, AK46*AO46, AK47*AO47, AK48*AO48, AK49*AO49, AK50*AO50, AK51*AO51) -> 10 | AO42: / | AP42: 10 | AQ42: Muphin | AU42: =COUNTIF('Individual Stats'!$O$3:$AW$36, "*" &AQ42 & "*") -> 1 | AV42: 219148 | AY42: 2 | BA42: UNIQUE | BF42: RATE | BI42: POINTS
C43: Alchemical Hydra | J43: =sum(G45*K45,G46*K46,G47*K47,G48*K48,G49*K49,G50*K50) -> 7 | K43: / | L43: 6 | M43: Guthan's Piece (any) | Q43: =COUNTIF('Individual Stats'!$O$3:$AW$36, "*" &M43 & "*") -> 0 | R43: 1/15 | U43: 1 | W43: UNIQUE | AB43: RATE | AE43: POINTS | AG43: UNIQUE | AL43: RATE | AO43: POINTS | AQ43: eKC: | AS43: =AZ39/(1/100*AY41 + 1/2500*AY42) -> 462.96296 | AV43: eTTC: | AX43: =AS43/25 -> 18.518519 | BA43: Elder Venator Fang | BE43: =COUNTIF('Individual Stats'!$O$3:$AW$36, "*" &BA43 & "*") -> 1 | BF43: 1/340 | BI43: 1
C44: UNIQUE | H44: RATE | K44: POINTS | M44: Karil's Piece (any) | Q44: =COUNTIF('Individual Stats'!$O$3:$AW$36, "*" &M44 & "*") -> 3 | R44: 1/15 | U44: 1 | W44: Scurrius' Spine | AA44: =COUNTIF('Individual Stats'!$O$3:$AW$36, "*" &W44 & "*") -> 10 | AB44: 1/33 | AE44: 1 | AG44: Dragon Pickaxe | AK44: =COUNTIF('Individual Stats'!$O$3:$AW$36, "*" &AG44 & "*") -> 3 | AL44: variable | AO44: 1 | AQ44: Doom of Mokhaiotl | AX44: =sum(AU46*AY46,AU47*AY47,AU48*AY48,AU49*AY49) -> 3 | AY44: / | AZ44: 3 | BA44: Crimson Kisten | BE44: =COUNTIF('Individual Stats'!$O$3:$AW$36, "*" &BA44 & "*") -> 0 | BF44: 1/520 | BI44: 1
C45: Brimstone Ring Piece | G45: =COUNTIF('Individual Stats'!$O$3:$AW$36, "*" &C45 & "*") -> 0 | H45: 1/181 | K45: 1 | M45: Dharok's Piece (any) | Q45: =COUNTIF('Individual Stats'!$O$3:$AW$36, "*" &M45 & "*") -> 3 | R45: 1/15 | U45: 1 | W45: Scurry | AA45: =COUNTIF('Individual Stats'!$O$3:$AW$36, "*" &W45 & "*") -> 0 | AB45: 401769 | AE45: 3 | AG45: Ring (any) | AK45: =COUNTIF('Individual Stats'!$O$3:$AW$36, "*" &AG45 & "*") -> 1 | AL45: variable | AO45: 2 | AQ45: UNIQUE | AV45: RATE | AY45: POINTS | BA45: Maggot Marquess | BE45: =COUNTIF('Individual Stats'!$O$3:$AW$36, "*" &BA45 & "*") -> 0 | BF45: 584390 | BI45: 2
C46: Hydra's Tail | G46: =COUNTIF('Individual Stats'!$O$3:$AW$36, "*" &C46 & "*") -> 0 | H46: 1/513 | K46: 2 | M46: Torag's Piece (any) | Q46: =COUNTIF('Individual Stats'!$O$3:$AW$36, "*" &M46 & "*") -> 2 | R46: 1/15 | U46: 1 | W46: eKC: | Y46: =AF42/(1/33*AE44 + 1/3000*AE45) -> 319.45789 | AB46: eTTC: | AD46: =Y46/40 -> 7.9864472 | AG46: Voidwaker Piece (any) | AK46: =COUNTIF('Individual Stats'!$O$3:$AW$36, "*" &AG46 & "*") -> 0 | AL46: variable | AO46: 1 | AQ46: Avernic Treads | AU46: =COUNTIF('Individual Stats'!$O$3:$AW$36, "*" &AQ46 & "*") -> 0 | AV46: variable | AY46: 2 | BA46: eKC: | BC46: =BJ41/(1/340*BI43 + 1/520*BI44 + 1/3500*BI45) -> 367.93911 | BF46: eTTC: | BH46: =BC46/25 -> 14.717565
C47: Hydra's Leather | G47: =COUNTIF('Individual Stats'!$O$3:$AW$36, "*" &C47 & "*") -> 2 | H47: 1/514 | K47: 2 | M47: Verac's Piece (any) | Q47: =COUNTIF('Individual Stats'!$O$3:$AW$36, "*" &M47 & "*") -> 3 | R47: 1/15 | U47: 1 | W47: DT2 Bosses | AD47: =SUM(AA49*AE49, AA50*AE50, AA51*AE51, AA52*AE52, AA53*AE53, AA54*AE54, AA55*AE55, AA56*AE56, AA57*AE57, AA58*AE58, AA59*AE59, AA60*AE60, AA61*AE61, AA62*AE62, AA63*AE63) -> 15 | AE47: / | AF47: 12 | AG47: Claws of Callisto | AK47: =COUNTIF('Individual Stats'!$O$3:$AW$36, "*" &AG47 & "*") -> 0 | AL47: 1/196-618 | AO47: 1 | AQ47: Eye of Ayak | AU47: =COUNTIF('Individual Stats'!$O$3:$AW$36, "*" &AQ47 & "*") -> 1 | AV47: variable | AY47: 1 | BA47: Moons of Peril | BH47: =SUM(BE49*BI49,BE50*BI50,BE51*BI51) -> 8 | BI47: / | BJ47: 8
C48: Hydra's Claw | G48: =COUNTIF('Individual Stats'!$O$3:$AW$36, "*" &C48 & "*") -> 0 | H48: 1/1001 | K48: 3 | M48: eKC: | O48: =V40/(7/102 * average(U42:U47)) -> 174.85714 | R48: eTTC: | T48: =O48/12 -> 14.571429 | W48: UNIQUE | AB48: RATE | AE48: POINTS | AG48: Skull of Vet'ion | AK48: =COUNTIF('Individual Stats'!$O$3:$AW$36, "*" &AG48 & "*") -> 0 | AL48: 1/196-618 | AO48: 1 | AQ48: Mokhaiotl Cloth | AU48: =COUNTIF('Individual Stats'!$O$3:$AW$36, "*" &AQ48 & "*") -> 0 | AV48: variable | AY48: 1 | BA48: UNIQUE | BF48: RATE | BI48: POINTS
C49: Jar of Chemicals | G49: =COUNTIF('Individual Stats'!$O$3:$AW$36, "*" &C49 & "*") -> 1 | H49: 36526 | K49: 3 | W49: Chromium Ingot | AA49: =COUNTIF('Individual Stats'!$O$3:$AW$36, "*" &W49 & "*") -> 1 | AB49: variable | AE49: 1 | AG49: Fangs of Venenatis | AK49: =COUNTIF('Individual Stats'!$O$3:$AW$36, "*" &AG49 & "*") -> 1 | AL49: 1/196-618 | AO49: 1 | AQ49: Dom | AU49: =COUNTIF('Individual Stats'!$O$3:$AW$36, AQ44 & " - *" &AQ49 & "*") -> 2 | AV49: variable | AY49: 1 | BA49: Eclipse Moon Piece (any) | BE49: =COUNTIF('Individual Stats'!$O$3:$AW$36, "*" &BA49 & "*") -> 2 | BF49: 1/19 | BI49: 1
C50: Ikkle Hydra | G50: =COUNTIF('Individual Stats'!$O$3:$AW$36, "*" &C50 & "*") -> 0 | H50: 401769 | K50: 3 | W50: Virtus Piece (any) | AA50: =COUNTIF('Individual Stats'!$O$3:$AW$36, "*" &W50 & "*") -> 2 | AB50: variable | AE50: 4 | AG50: Dragon 2h Sword | AK50: =COUNTIF('Individual Stats'!$O$3:$AW$36, "*" &AG50 & "*") -> 2 | AL50: 1/256 | AO50: 1 | AQ50: eKC: | AS50: =AZ44/(1/160*AY46 + 1/148*AY47 + 1/140*AY48 + 1/231*AY49) -> 97.628861 | AV50: eTTC: | AX50: =AS50/6 -> 16.271477 | BA50: Blood Moon Piece (any) | BE50: =COUNTIF('Individual Stats'!$O$3:$AW$36, "*" &BA50 & "*") -> 2 | BF50: 1/19 | BI50: 1
C51: eKC: | E51: =L43/(1/181*K45 + 1/513*K46 + 1/514*K47 + 1/1001*K48 + 1/2000*K49 + 1/3000*K50) -> 318.95297 | H51: eTTC: | J51: =E51/25 -> 12.758119 | W51: Ultor Vestige (+ 2x gold ring) | AA51: =COUNTIF('Individual Stats'!$O$3:$AW$36, "*" &W51 & "*") -> 1 | AB51: 1/1088 | AE51: 4 | AG51: Pet | AK51: =COUNTIF('Individual Stats'!$O$3:$AW$36, AG42&" - *" &AG51 & "*") -> 2 | AL51: variable | AO51: 1 | AQ51: eKC: | AS51: =AZ44/(1/47.5*AY46 + 1/46.35*AY47 + 1/45.5*AY48 + 1/28*AY49) -> 24.717287 | AV51: eTTC: | AX51: =AS51/2.5 -> 9.8869148 | BA51: Blue Moon Piece (any) | BE51: =COUNTIF('Individual Stats'!$O$3:$AW$36, "*" &BA51 & "*") -> 4 | BF51: 1/19 | BI51: 1
C52: Thieving | J52: =sum(G54*K54,G55*K55,G56*K56,G57*K57) -> 3 | K52: / | L52: 3 | W52: Executioner's Axe Head | AA52: =COUNTIF('Individual Stats'!$O$3:$AW$36, "*" &W52 & "*") -> 0 | AB52: 1/1088 | AE52: 4 | AG52: 💀 eKC: | AI52: =AP42/(1/358*AO44 + 1/716*AO45 + 1/912*AO46 + 1/618*AO48 + 1/358*AO50 + 1/2800*AO51) -> 873.23696 | AL52: eTTC: | AN52: =AI52/55 -> 15.877036 | AQ52: Skilling Tools | AX52: =SUM(AU54*AY54,AU55*AY55,AU56*AY56) -> 13 | AY52: / | AZ52: 10 | BA52: eKC: | BC52: =BJ47/(3/56*average(BI49:BI51)) -> 149.33333 | BF52: eTTC: | BH52: =BC52/10 -> 14.933333
C53: UNIQUE | H53: RATE | K53: POINTS | W53: Blood Quartz | AA53: =COUNTIF('Individual Stats'!$O$3:$AW$36, "*" &W53 & "*") -> 2 | AB53: 1/204 | AE53: 1 | AG53: 🐻 eKC: | AI53: =AP42/(1/358*AO44 + 1/716*AO45 + 1/912*AO46 + 1/618*AO47 + 1/358*AO50 + 1/2800*AO51) -> 873.23696 | AL53: eTTC: | AN53: =AI53/52 -> 16.793019 | AQ53: UNIQUE | AV53: RATE | AY53: POINTS
C54: Pharaoh's Sceptre | G54: =COUNTIF('Individual Stats'!$O$3:$AW$36, "*" &C54 & "*") -> 0 | H54: variable | K54: 1 | W54: Magus Vestige (+ 2x gold ring) | AA54: =COUNTIF('Individual Stats'!$O$3:$AW$36, "*" &W54 & "*") -> 0 | AB54: 1/720 | AE54: 4 | AG54: 🕷️ eKC: | AI54: =AP42/(1/358*AO44 + 1/716*AO45 + 1/912*AO46 + 1/618*AO49 + 1/358*AO50 + 1/2800*AO51) -> 873.23696 | AL54: eTTC: | AN54: =AI54/60 -> 14.553949 | AQ54: Jeweller's Chisel | AU54: =COUNTIF('Individual Stats'!$O$3:$AW$36, "*" &AQ54 & "*") -> 3 | AV54: 1/300 | AY54: 4
C55: Ring of Endurance | G55: =COUNTIF('Individual Stats'!$O$3:$AW$36, "*" &C55 & "*") -> 0 | H55: 1/200 | K55: 2 | W55: Eye of the Duke | AA55: =COUNTIF('Individual Stats'!$O$3:$AW$36, "*" &W55 & "*") -> 0 | AB55: 1/720 | AE55: 4 | AQ55: Imcando Hammer | AU55: =COUNTIF('Individual Stats'!$O$3:$AW$36, "*" &AQ55 & "*") -> 0 | AV55: 1/300 | AY55: 2
C56: Enhanced Crystal Teleport Seed | G56: =COUNTIF('Individual Stats'!$O$3:$AW$36, "*" &C56 & "*") -> 2 | H56: 1/1024 | K56: 1 | W56: Ice Quartz | AA56: =COUNTIF('Individual Stats'!$O$3:$AW$36, "*" &W56 & "*") -> 0 | AB56: 1/206 | AE56: 1 | AQ56: Fletching Knife | AU56: =COUNTIF('Individual Stats'!$O$3:$AW$36, "*" &AQ56 & "*") -> 1 | AV56: 1/333 | AY56: 1
C57: Blood Shard | G57: =COUNTIF('Individual Stats'!$O$3:$AW$36, C52&" - *" &C57 & "*") -> 1 | H57: 1132254 | K57: 1 | W57: Venator Vestige (+ 2x gold ring) | AA57: =COUNTIF('Individual Stats'!$O$3:$AW$36, "*" &W57 & "*") -> 0 | AB57: 1/768 | AE57: 4 | AQ57: N/A
C58: N/A | W58: Leviathan's Lure | AA58: =COUNTIF('Individual Stats'!$O$3:$AW$36, "*" &W58 & "*") -> 0 | AB58: 1/768 | AE58: 4 | AQ58: Dagannoth Kings | AX58: =sum(AU59*AY59,AU60*AY60,AU61*AY61,AU62*AY62,AU63*AY63,AU64*AY64) -> 17 | AY58: / | AZ58: 15
W59: Smoke Quartz | AA59: =COUNTIF('Individual Stats'!$O$3:$AW$36, "*" &W59 & "*") -> 0 | AB59: 1/206 | AE59: 1 | AQ59: Berserker Ring | AU59: =COUNTIF('Individual Stats'!$O$3:$AW$36, "*" &AQ59 & "*") -> 1 | AV59: 1/128 | AY59: 3
W60: Bellator Vestige (+ 2x gold ring) | AA60: =COUNTIF('Individual Stats'!$O$3:$AW$36, "*" &W60 & "*") -> 0 | AB60: 1/512 | AE60: 4 | AQ60: Rings (other) | AU60: =COUNTIF('Individual Stats'!$O$3:$AW$36, "*" &AQ60 & "*") -> 5 | AV60: 1/128 | AY60: 2
W61: Siren's Staff | AA61: =COUNTIF('Individual Stats'!$O$3:$AW$36, "*" &W61 & "*") -> 0 | AB61: 1/512 | AE61: 4 | AQ61: Seercull | AU61: =COUNTIF('Individual Stats'!$O$3:$AW$36, "*" &AQ61 & "*") -> 2 | AV61: 1/128 | AY61: 1
W62: Shadow Quartz | AA62: =COUNTIF('Individual Stats'!$O$3:$AW$36, "*" &W62 & "*") -> 0 | AB62: 1/209 | AE62: 1 | AQ62: Mud Battlestaff | AU62: =COUNTIF('Individual Stats'!$O$3:$AW$36, "*" &AQ62 & "*") -> 0 | AV62: 1/128 | AY62: 1
W63: Pet | AA63: =COUNTIF('Individual Stats'!$O$3:$AW$36, W47&" - *" &W63 & "*") -> 0 | AB63: variable | AE63: 4 | AQ63: Dragon axe | AU63: =COUNTIF('Individual Stats'!$O$3:$AW$36, AQ58&" - *" &AQ63 & "*") -> 2 | AV63: 1/128 | AY63: 1
W64: V eKC: | Y64: =AF47/(1/362.7*AE49 + 1/1088*AE51 + 1/1088*AE52 + 3/3264*AE50 + 1/204*AE53 + 1/3000*AE63) -> 599.34655 | AB64: eTTC: | AD64: =Y64/32 -> 18.72958 | AQ64: Pet | AU64: =COUNTIF('Individual Stats'!$O$3:$AW$36, AQ58 & " - *" & AQ64 & "*") -> 0 | AV64: 1132254 | AY64: 4
W65: L eKC: | Y65: =AF47/(1/256*AE49 + 1/768*AE57 + 1/768*AE58 + 3/2304*AE50 + 1/206*AE59 + 1/2500*AE63) -> 461.79389 | AB65: eTTC: | AD65: =Y65/24 -> 19.241412 | AQ65: eKC: | AS65: =3*AZ58/(3/128*AY60 + 1/128*AY59 + 1/128*AY61 + 1/128*AY62 + 3/128*AY63 + 3/5000*AY64) -> 402.5945 | AV65: eTTC: | AX65: =AS65/120 -> 3.3549541
W66: D eKC: | Y66: =AF47/(1/240*AE49 + 1/720*AE54 + 1/720*AE55 + 3/2160*AE50 + 1/206.6*AE56 + 1/2500*AE63) -> 439.98585 | AB66: eTTC: | AD66: =Y66/34 -> 12.94076 | AQ66: eKC: | AS66: =AZ58/(1/128*AY59 + 1/128*AY60 + 1/128*AY63 + 1/5000*AY64) -> 314.63031 | AV66: eTTC: | AX66: =AS66/40 -> 7.8657577
W67: W eKC: | Y67: =AF47/(1/170.7*AE49 + 1/512*AE60 + 1/512*AE61 + 3/1536*AE50 + 1/209.3*AE62 + 1/2000*AE63) -> 332.6536 | AB67: eTTC: | AD67: =Y67/20 -> 16.63268
C69: Jar/Pet | K69: =IF(SUM(G71*K71, G72*K72)>20, 20, SUM(G71*K71, G72*K72)) -> 20 | M69: MegaRares | U69: =IF(SUM(Q71*U71,Q72*U72,Q73*U73)>20, 20, SUM(Q71*U71,Q72*U72,Q73*U73)) -> 0 | W69: Nightmare | AE69: =IF(SUM(AA70*AE70, AA71*AE71, AA72*AE72, AA73*AE73, AA74*AE74, AA75*AE75, AA76*AE76, AA77*AE77, AA78*AE78, AA79*AE79)>20, 20, SUM(AA70*AE70, AA71*AE71, AA72*AE72, AA73*AE73, AA74*AE74, AA75*AE75, AA76*AE76, AA77*AE77, AA78*AE78, AA79*AE79)) -> 0 | AG69: Nex | AO69: =IF(SUM(AK70*AO70, AK71*AO71, AK72*AO72, AK73*AO73, AK74*AO74, AK75*AO75, AK76*AO76)>20, 20, SUM(AK70*AO70, AK71*AO71, AK72*AO72, AK73*AO73, AK74*AO74, AK75*AO75, AK76*AO76)) -> 0 | AQ69: Corporeal Beast | AY69: =IF(SUM(AU70*AY70, AU71*AY71, AU72*AY72, AU73*AY73, AU74*AY74)>20, 20, SUM(AU70*AY70, AU71*AY71, AU72*AY72, AU73*AY73, AU74*AY74)) -> 0 | BA69: Fortis Colosseum | BI69: =IF(SUM(BE70*BI70, BE71*BI71, BE72*BI72, BE73*BI73, BE74*BI74,BE75*BI75)>20, 20, SUM(BE70*BI70, BE71*BI71, BE72*BI72, BE73*BI73, BE74*BI74,BE75*BI75)) -> 1
C70: UNIQUE | H70: RATE | K70: POINTS | M70: UNIQUE | R70: RATE | U70: POINTS | W70: Nightmare staff | AA70: =COUNTIF('Individual Stats'!$O$3:$AW$36, "*" &W70 & "*") -> 0 | AB70: 1/507 | AE70: 2 | AG70: Zaryte vambraces | AK70: =COUNTIF('Individual Stats'!$O$3:$AW$36, "*" &AG70 & "*") -> 0 | AL70: 1/172 | AO70: 3 | AQ70: Spectral sigil | AU70: =COUNTIF('Individual Stats'!$O$3:$AW$36, "*" &AQ70 & "*") -> 0 | AV70: 1/1365 | AY70: 6 | BA70: Sunfire fanatic helm | BE70: =COUNTIF('Individual Stats'!$O$3:$AW$36, "*" &BA70 & "*") -> 0 | BF70: variable | BI70: 0.5
C71: Jar | G71: =COUNTIF('Individual Stats'!$O$3:$AW$36, "*- " &C71 & "*") -> 7 | H71: variable | K71: 2 | M71: Twisted Bow | Q71: =COUNTIF('Individual Stats'!$O$3:$AW$36, "*" &M71 & "*") -> 0 | R71: 1/30 | U71: 10 | W71: Inquisitor's great helm | AA71: =COUNTIF('Individual Stats'!$O$3:$AW$36, "*" &W71 & "*") -> 0 | AB71: 1/700 | AE71: 2 | AG71: Nihil horn | AK71: =COUNTIF('Individual Stats'!$O$3:$AW$36, "*" &AG71 & "*") -> 0 | AL71: 1/258 | AO71: 3 | AQ71: Arcane sigil | AU71: =COUNTIF('Individual Stats'!$O$3:$AW$36, "*" &AQ71 & "*") -> 0 | AV71: 1/1365 | AY71: 6 | BA71: Sunfire fanatic cuirass | BE71: =COUNTIF('Individual Stats'!$O$3:$AW$36, "*" &BA71 & "*") -> 0 | BF71: variable | BI71: 0.5
C72: Pet | G72: =COUNTIF('Individual Stats'!$O$3:$AW$36, C69&" - *" &C72 & "*") -> 5 | H72: variable | K72: 2 | M72: Scythe of Vitur | Q72: =COUNTIF('Individual Stats'!$O$3:$AW$36, "*" &M72 & "*") -> 0 | R72: 1/19 | U72: 10 | W72: Inquisitor's hauberk | AA72: =COUNTIF('Individual Stats'!$O$3:$AW$36, "*" &W72 & "*") -> 0 | AB72: 1/700 | AE72: 2 | AG72: Torva full helm | AK72: =COUNTIF('Individual Stats'!$O$3:$AW$36, "*" &AG72 & "*") -> 0 | AL72: 1/258 | AO72: 3 | AQ72: Elysian sigil | AU72: =COUNTIF('Individual Stats'!$O$3:$AW$36, "*" &AQ72 & "*") -> 0 | AV72: 801710 | AY72: 6 | BA72: Sunfire fanatic chausses | BE72: =COUNTIF('Individual Stats'!$O$3:$AW$36, "*" &BA72 & "*") -> 1 | BF72: variable | BI72: 0.5
C73: N/A | M73: Tumeken's Shadow | Q73: =COUNTIF('Individual Stats'!$O$3:$AW$36, "*" &M73 & "*") -> 0 | R73: 1/24 | U73: 10 | W73: Inquisitor's plateskirt | AA73: =COUNTIF('Individual Stats'!$O$3:$AW$36, "*" &W73 & "*") -> 0 | AB73: 1/700 | AE73: 2 | AG73: Torva platebody | AK73: =COUNTIF('Individual Stats'!$O$3:$AW$36, "*" &AG73 & "*") -> 0 | AL73: 1/258 | AO73: 3 | AQ73: Jar of spirits | AU73: =COUNTIF('Individual Stats'!$O$3:$AW$36, "*" &AQ73 & "*") -> 0 | AV73: 1/1000 | AY73: 6 | BA73: Tonalztics of ralos | BE73: =COUNTIF('Individual Stats'!$O$3:$AW$36, "*" &BA73 & "*") -> 0 | BF73: variable | BI73: 1
M74: Tbow hrs/bingo point | R74: =1/((65*1.7)/867.6 * 1/28 * U71) -> 21.984434 | W74: Inquisitor's mace | AA74: =COUNTIF('Individual Stats'!$O$3:$AW$36, "*" &W74 & "*") -> 0 | AB74: 1/1129 | AE74: 2 | AG74: Torva platelegs | AK74: =COUNTIF('Individual Stats'!$O$3:$AW$36, "*" &AG74 & "*") -> 0 | AL74: 1/258 | AO74: 3 | AQ74: Pet Dark Core | AU74: =COUNTIF('Individual Stats'!$O$3:$AW$36, "*" &AQ74 & "*") -> 0 | AV74: 1132254 | AY74: 6 | BA74: Echo crystal(s) (1-3) | BE74: =COUNTIF('Individual Stats'!$O$3:$AW$36, "*" &BA74 & "*") -> 1 | BF74: variable | BI74: 0.5
M75: Scythe hrs/bingo point | R75: =1/(3 * 1/9.1 * 1/19 * 1/3 * U72) -> 17.29 | W75: Eldritch orb | AA75: =COUNTIF('Individual Stats'!$O$3:$AW$36, "*" &W75 & "*") -> 0 | AB75: 1/1600 | AE75: 2 | AG75: Ancient hilt | AK75: =COUNTIF('Individual Stats'!$O$3:$AW$36, "*" &AG75 & "*") -> 0 | AL75: 1/516 | AO75: 5 | AQ75: Hours per bingo point | AV75: =1/(10 * (1/1365*AY70 + 1/1365*AY71 + 1/4095*AY72 + 1/1000*AY73 + 1/5000*AY74)) -> 5.7285546 | BA75: Smol Heredit | BE75: =COUNTIF('Individual Stats'!$O$3:$AW$36, "*" &BA75 & "*") -> 0 | BF75: variable | BI75: 1
M76: Shadow hrs/bingo point | R76: =1/(1.7 * 0.00451 * U73) -> 13.042911 | W76: Harmonised orb | AA76: =COUNTIF('Individual Stats'!$O$3:$AW$36, "*" &W76 & "*") -> 0 | AB76: 1/1600 | AE76: 4 | AG76: Nexling | AK76: =COUNTIF('Individual Stats'!$O$3:$AW$36, "*" &AG76 & "*") -> 0 | AL76: 1/500 | AO76: 5 | BA76: Hrs/point (no pet gamble) | BF76: =1/(1.7*( (1/620 + 1/550 + 1/480 + 1/437.3 + 1/362.7 + 1/288 + 1/213.3 + 1/138.7 + 1/64)*BI70 + (1/620 + 1/550 + 1/480 + 1/437.3 + 1/362.7 + 1/288 + 1/213.3 + 1/138.7 + 1/64)*BI71 + (1/620 + 1/550 + 1/480 + 1/437.3 + 1/362.7 + 1/288 + 1/213.3 + 1/138.7 + 1/64)*BI72 + (1/1312 + 1/1088 + 1/864 + 1/640 + 1/416 + 1/192)*BI73 + 1.15*(1/310 + 1/275 + 1/240 + 1/218.7 + 1/181.3 + 1/144 + 1/106.7 + 1/69.3 + 1/32)*BI74 + 1/200*BI75 )) -> 4.6268919
W77: Volatile orb | AA77: =COUNTIF('Individual Stats'!$O$3:$AW$36, "*" &W77 & "*") -> 0 | AB77: 1/1600 | AE77: 2 | AG77: Hours per bingo point | AL77: =1/(10*(1/172*1/5*1.02*AO70 + 1/258*1/5*1.02*AO71 + 1/258*1/5*1.02*AO72 + 1/258*1/5*1.02*AO73 + 1/258*1/5*1.02*AO74 + 1/516*1/5*1.02*AO75 + 1/500*1/5*1.02*AO76)) -> 5.8605463 | BA77: Hrs/point (w/ pet gamble) | BF77: =1/(1.7*( (1/620 + 1/550 + 1/480 + 1/437.3 + 1/362.7 + 1/288 + 1/213.3 + 1/138.7 + 1/64)*BI70 + (1/620 + 1/550 + 1/480 + 1/437.3 + 1/362.7 + 1/288 + 1/213.3 + 1/138.7 + 1/64)*BI71 + (1/620 + 1/550 + 1/480 + 1/437.3 + 1/362.7 + 1/288 + 1/213.3 + 1/138.7 + 1/64)*BI72 + (1/1312 + 1/1088 + 1/864 + 1/640 + 1/416 + 1/192)*BI73 + 1.15*(1/310 + 1/275 + 1/240 + 1/218.7 + 1/181.3 + 1/144 + 1/106.7 + 1/69.3 + 1/32)*BI74 + 1/100*BI75 )) -> 4.4518086
W78: Jar of Dreams | AA78: =COUNTIF('Individual Stats'!$O$3:$AW$36, "*" &W78 & "*") -> 0 | AB78: 767011 | AE78: 4
W79: Little Nightmare | AA79: =COUNTIF('Individual Stats'!$O$3:$AW$36, "*" &W79 & "*") -> 0 | AB79: 1/1400 | AE79: 4
W80: Hours per bingo point | AB80: =1/((1/507*AE70 + 1/700*AE71 + 1/700*AE72 + 1/700*AE73 + 1/1129*AE74 + 1/1600*AE75 + 1/1600*AE76 + 1/1600*AE77 + 1/1400*AE79 + 1/4000*AE78) * 9) -> 4.8006894
B83: Drop | H83: Tier | K83: Pt | L83: Complete | O83: Individual | R83: Contribution | W83: Bludgeon Claw | AC83: 6212983 | AG83: Abyssal Sire - Bludgeon Claw
B84: =$C$3 & " - " & C5 -> Mad Angel - Hallowfell | H84: Low | K84: =IF(H84="Low",5,IF(H84="Mid",10,IF(H84="High",20,50))) -> 5 | L84: =$L$3 -> 6 | O84: =K5 -> 1 | R84: =O84/L84*K84 -> 0.83333333 | W84: Bludgeon Axon | AC84: 6212983 | AG84: Abyssal Sire - Bludgeon Axon
B85: =$C$3 & " - " & C6 -> Mad Angel - Jar of Light | H85: Low | K85: =IF(H85="Low",5,IF(H85="Mid",10,IF(H85="High",20,50))) -> 5 | L85: =$L$3 -> 6 | O85: =K6 -> 2 | R85: =O85/L85*K85 -> 1.6666667 | W85: Bludgeon Spine | AC85: 6212983 | AG85: Abyssal Sire - Bludgeon Spine
B86: =$C$3 & " - " & C7 -> Mad Angel - Aggy | H86: Low | K86: =IF(H86="Low",5,IF(H86="Mid",10,IF(H86="High",20,50))) -> 5 | L86: =$L$3 -> 6 | O86: =K7 -> 3 | R86: =O86/L86*K86 -> 2.5 | W86: Abyssal Dagger | AC86: 1144279 | AG86: Abyssal Sire - Abyssal Dagger
B87: =$M$3 & " - " & M5 -> Hueycoatl - Hueycoatl Hide | H87: Low | K87: =IF(H87="Low",5,IF(H87="Mid",10,IF(H87="High",20,50))) -> 5 | L87: =$V$3 -> 8 | O87: =U5 -> 1 | R87: =O87/L87*K87 -> 0.625 | W87: Abyssal Whip | AC87: 803842 | AG87: Abyssal Sire - Abyssal Whip
B88: =$M$3 & " - " & M6 -> Hueycoatl - Tome of Earth | H88: Low | K88: =IF(H88="Low",5,IF(H88="Mid",10,IF(H88="High",20,50))) -> 5 | L88: =$V$3 -> 8 | O88: =U6 -> 2 | R88: =O88/L88*K88 -> 1.25 | W88: Hydra's Claw | AC88: 44786457 | AG88: Alchemical Hydra - Hydra's Claw
B89: =$M$3 & " - " & M7 -> Hueycoatl - Dragon Hunter Wand | H89: Low | K89: =IF(H89="Low",5,IF(H89="Mid",10,IF(H89="High",20,50))) -> 5 | L89: =$V$3 -> 8 | O89: =U7 -> 2 | R89: =O89/L89*K89 -> 1.25 | W89: Hydra's Leather | AC89: 10352455 | AG89: Alchemical Hydra - Hydra's Leather
B90: =$M$3 & " - " & M8 -> Hueycoatl - Huberte | H90: Low | K90: =IF(H90="Low",5,IF(H90="Mid",10,IF(H90="High",20,50))) -> 5 | L90: =$V$3 -> 8 | O90: =U8 -> 3 | R90: =O90/L90*K90 -> 1.875 | W90: Hydra's Eye | AC90: 620537 | AG90: Alchemical Hydra - Hydra's Eye
B91: =$W$3 & " - " & W5 -> Grotesque Guardians - Granite Maul | H91: Mid | K91: =IF(H91="Low",5,IF(H91="Mid",10,IF(H91="High",20,50))) -> 10 | L91: =$AF$3 -> 8 | O91: =AE5 -> 1 | R91: =O91/L91*K91 -> 1.25 | W91: Hydra's Fang | AC91: 620537 | AG91: Alchemical Hydra - Hydra's Fang
B92: =$W$3 & " - " & W6 -> Grotesque Guardians - Granite Gloves | H92: Mid | K92: =IF(H92="Low",5,IF(H92="Mid",10,IF(H92="High",20,50))) -> 10 | L92: =$AF$3 -> 8 | O92: =AE6 -> 1 | R92: =O92/L92*K92 -> 1.25 | W92: Hydra's Heart | AC92: 620537 | AG92: Alchemical Hydra - Hydra's Heart
B93: =$W$3 & " - " & W7 -> Grotesque Guardians - Granite Ring | H93: Mid | K93: =IF(H93="Low",5,IF(H93="Mid",10,IF(H93="High",20,50))) -> 10 | L93: =$AF$3 -> 8 | O93: =AE7 -> 1 | R93: =O93/L93*K93 -> 1.25 | W93: Hydra's Tail | AC93: 79119 | AG93: Alchemical Hydra - Hydra's Tail
B94: =$W$3 & " - " & W8 -> Grotesque Guardians - Granite Hammer | H94: Mid | K94: =IF(H94="Low",5,IF(H94="Mid",10,IF(H94="High",20,50))) -> 10 | L94: =$AF$3 -> 8 | O94: =AE8 -> 2 | R94: =O94/L94*K94 -> 2.5 | W94: Araxyte Fang | AC94: 31285153 | AG94: Araxxor - Araxyte Fang
B95: =$W$3 & " - " & W9 -> Grotesque Guardians - Black Tourmaline Core | H95: Mid | K95: =IF(H95="Low",5,IF(H95="Mid",10,IF(H95="High",20,50))) -> 10 | L95: =$AF$3 -> 8 | O95: =AE9 -> 2 | R95: =O95/L95*K95 -> 2.5 | W95: Noxious Pommel | AC95: 13594711 | AG95: Araxxor - Noxious Pommel
B96: =$W$3 & " - " & W10 -> Grotesque Guardians - Jar of Stone | H96: Mid | K96: =IF(H96="Low",5,IF(H96="Mid",10,IF(H96="High",20,50))) -> 10 | L96: =$AF$3 -> 8 | O96: =AE10 -> 3 | R96: =O96/L96*K96 -> 3.75 | W96: Noxious Point | AC96: 13594711 | AG96: Araxxor - Noxious Point
B97: =$W$3 & " - " & W11 -> Grotesque Guardians - Noon | H97: Mid | K97: =IF(H97="Low",5,IF(H97="Mid",10,IF(H97="High",20,50))) -> 10 | L97: =$AF$3 -> 8 | O97: =AE11 -> 3 | R97: =O97/L97*K97 -> 3.75 | W97: Noxious Blade | AC97: 13594711 | AG97: Araxxor - Noxious Blade
B98: =$AG$3 & " - " & AG5 -> Tormented Demons - Tormented Synapse | H98: Mid | K98: =IF(H98="Low",5,IF(H98="Mid",10,IF(H98="High",20,50))) -> 10 | L98: =$AP$3 -> 3 | O98: =AO5 -> 1 | R98: =O98/L98*K98 -> 3.3333333 | W98: Zombie Axe | AC98: 1666225 | AG98: Armoured Zombies - Zombie Axe
B99: =$AG$3 & " - " & AG6 -> Tormented Demons - Burning Claw | H99: mid | K99: =IF(H99="Low",5,IF(H99="Mid",10,IF(H99="High",20,50))) -> 10 | L99: =$AP$3 -> 3 | O99: =AO6 -> 1 | R99: =O99/L99*K99 -> 3.3333333 | W99: Zombie Helm | AC99: 213571 | AG99: Armoured Zombies - Zombie Helm
B100: =$AQ$3 & " - " & AQ5 -> Cerberus - Primordial Crystal | H100: High | K100: =IF(H100="Low",5,IF(H100="Mid",10,IF(H100="High",20,50))) -> 20 | L100: =$AZ$3 -> 6 | O100: =AY5 -> 1 | R100: =O100/L100*K100 -> 3.3333333 | W100: Dharok's greataxe | AC100: 1870853 | AG100: Barrows - Dharok's greataxe
B101: =$AQ$3 & " - " & AQ6 -> Cerberus - Pegasian Crystal | H101: High | K101: =IF(H101="Low",5,IF(H101="Mid",10,IF(H101="High",20,50))) -> 20 | L101: =$AZ$3 -> 6 | O101: =AY6 -> 1 | R101: =O101/L101*K101 -> 3.3333333 | W101: Ahrim's robeskirt | AC101: 1480763 | AG101: Barrows - Ahrim's robeskirt
B102: =$AQ$3 & " - " & AQ7 -> Cerberus - Eternal Crystal | H102: High | K102: =IF(H102="Low",5,IF(H102="Mid",10,IF(H102="High",20,50))) -> 20 | L102: =$AZ$3 -> 6 | O102: =AY7 -> 1 | R102: =O102/L102*K102 -> 3.3333333 | W102: Ahrim's robetop | AC102: 1477126 | AG102: Barrows - Ahrim's robetop
B103: =$AQ$3 & " - " & AQ8 -> Cerberus - Smouldering Stone | H103: High | K103: =IF(H103="Low",5,IF(H103="Mid",10,IF(H103="High",20,50))) -> 20 | L103: =$AZ$3 -> 6 | O103: =AY8 -> 1 | R103: =O103/L103*K103 -> 3.3333333 | W103: Dharok's platelegs | AC103: 994826 | AG103: Barrows - Dharok's platelegs
B104: =$AQ$3 & " - " & AQ9 -> Cerberus - Jar of Souls | H104: High | K104: =IF(H104="Low",5,IF(H104="Mid",10,IF(H104="High",20,50))) -> 20 | L104: =$AZ$3 -> 6 | O104: =AY9 -> 2 | R104: =O104/L104*K104 -> 6.6666667 | W104: Karil's leathertop | AC104: 912243 | AG104: Barrows - Karil's leathertop
B105: =$AQ$3 & " - " & AQ10 -> Cerberus - Hellpuppy | H105: High | K105: =IF(H105="Low",5,IF(H105="Mid",10,IF(H105="High",20,50))) -> 20 | L105: =$AZ$3 -> 6 | O105: =AY10 -> 2 | R105: =O105/L105*K105 -> 6.6666667 | W105: Dharok's platebody | AC105: 894244 | AG105: Barrows - Dharok's platebody
...

Sheet Tradeable Drops
B1: S U B M I S S I O N S
A2: Members | B2: 1 | C2: 2 | D2: 3 | E2: 4 | F2: 5 | G2: 6 | H2: 7 | I2: 8 | J2: 9 | K2: 10 | L2: 11 | M2: 12 | N2: 13 | O2: 14 | P2: 15 | Q2: 16 | R2: 17 | S2: 18 | T2: 19
A3: Arcane0214 | B3: Maggot King - Elder Venator Fang
A4: Bear clogs | B4: DT2 Bosses - Ultor Vestige | C4: Wilderness Trio - Dragon 2h Sword | D4: DT2 Bosses - Virtus Mask | E4: God Wars Dungeon - Godsword Shard 2 | F4: God Wars Dungeon - Godsword Shard 2 | G4: Wilderness Trio - Ring of the Gods
A5: em19em19 | B5: Medium Boots - Spiked Manacles | C5: Thieving - Enhanced Crystal Teleport Seed
A6: Excadriill
A7: Faultiest | B7: Armoured Zombies - Zombie Axe | C7: Armoured Zombies - Zombie Helm | D7: Armoured Zombies - Zombie Helm | E7: Armoured Zombies - Zombie Helm | F7: Armoured Zombies - Zombie Helm | G7: Armoured Zombies - Zombie Axe | H7: Armoured Zombies - Zombie Axe | I7: Armoured Zombies - Zombie Axe
A8: FearBanana | B8: Mad Angel - Hallowfell | C8: Mad Angel - Hallowfell | D8: Mad Angel - Hallowfell | E8: Mad Angel - Hallowfell | F8: Mad Angel - Hallowfell | G8: Mad Angel - Hallowfell | H8: Hueycoatl - Hueycoatl Hide | I8: Royal Titans - Ice Element Staff Crown | J8: Moons of Peril - Blue Moon Helm | K8: Moons of Peril - Eclipse Atlatl
A9: Foresto | B9: Grotesque Guardians - Granite Gloves | C9: Grotesque Guardians - Black Tourmaline Core | D9: Mortimer - Belle's Folly | E9: Medium Boots - Ranger Boots | F9: Demonic Gorillas - Zenyte Shard | G9: Phantom Muspah - Venator Shard | H9: Phantom Muspah - Venator Shard | I9: Barrows - Verac's Plateskirt
A10: Frangud | B10: Gauntlet - Crystal Armour Seed | C10: Royal Titans - Ice Element Staff Crown | D10: Mortimer - Dragon Harpoon | E10: Cerberus - Smouldering Stone | F10: Jar/Pet - Jar of Miasma | G10: Abyssal Sire - Abyssal Dagger | H10: Jar/Pet - Jar of miasma
A11: Gas Stone86 | B11: Moons of Peril - Blue Moon Spear
A12: GIMhimejoshi | B12: Mortimer - Abyssal Whip
A13: HareForceOne | B13: Hueycoatl - Hueycoatl Hide | C13: Jar/Pet - Jar of decay | D13: Alchemical Hydra - Hydra's Leather | E13: Alchemical Hydra - Hydra's Leather | F13: Cerberus - Smouldering Stone | G13: Cerberus - Eternal Crystal
A14: Henacy | B14: Medium Boots - Holy Sandals
A15: IMfinish | B15: Demonic Gorillas - Ballista Limbs | C15: Demonic Gorillas - Ballista Spring | D15: Demonic Gorillas - Ballista Spring | E15: Demonic Gorillas - Monkey Tail | F15: Wilderness Trio - Fangs of Venenatis | G15: Wilderness Trio - Dragon 2h Sword | H15: Wilderness Trio - Dragon Pickaxe | I15: Wilderness Trio - Dragon Pickaxe
A16: Iron bm king | B16: Chambers of Xeric - Dexterous Prayer Scroll | C16: Chambers of Xeric - Ancestral Robe Top
A17: IronDresser | B17: Gauntlet - Crystal Weapon Seed | C17: Gauntlet - Crystal Weapon Seed | D17: Hueycoatl - Tome of Earth | E17: Hueycoatl - Hueycoatl Hide | F17: Phantom Muspah - Venator Shard | G17: God Wars Dungeon - Saradomin Sword | H17: Araxxor - Noxious Point | I17: Araxxor - Noxious Blade | J17: Araxxor - Noxious Point
A18: JamesMokka | B18: Tormented Demons - Tormented Synapse
A19: JaysunMimosa | B19: DT2 Bosses - Chromium Ingot | C19: Hueycoatl - Tome of Earth | D19: Zalcano - Crystal Tool Seed | E19: Tombs of Amascut - Masori Body
A20: Lowbob PVM | B20: Abyssal Sire - Unsired | C20: Jar/Pet - Jar of chemicals | D20: Cerberus - Eternal Crystal | E20: Cerberus - Smouldering Stone | F20: Araxxor - Noxious Blade
A21: Mandahore
A22: MiaTheDuck3 | B22: Mortimer - Leaf-bladed Sword | C22: Mortimer - Leaf-bladed Sword | D22: Mortimer - Leaf-bladed Sword | E22: Wilderness Trio - Dragon Pickaxe | F22: Moons of Peril - Blue Moon Helm
A23: OdinswrathUN | B23: Grotesque Guardians - Granite Ring | C23: Grotesque Guardians - Granite Maul | D23: Grotesque Guardians - Granite Maul
A24: Papi Aksta | B24: Thieving - Blood Shard | C24: Thieving - Enhanced Crystal Teleport Seed | D24: Doom of Mokhaiotl - Eye of Ayak | E24: God Wars Dungeon - Armadyl Crossbow | F24: God Wars Dungeon - Bandos Hilt | G24: Yama - Soulflame Horn | H24: God Wars Dungeon - Bandos Chestplate | I24: God Wars Dungeon - Godsword Shard 3
A25: Pavlovs dog | B25: Tormented Demons - Tormented Synapse | C25: Gauntlet - Crystal Weapon Seed | D25: Gauntlet - Enhanced Crystal Weapon Seed | E25: Royal Titans - Ice Element Staff Crown | F25: Barrows - Ahrim's Robeskirt | G25: Barrows - Dharok's Greataxe | H25: Barrows - Dharok's Platelegs | I25: Barrows - Karil's Crossbow | J25: Barrows - Karil's Leathertop | K25: Barrows - Torag's Helm | L25: Barrows - Torag's Platelegs | M25: Barrows - Verac's Plateskirt | N25: Barrows - Verac's Plateskirt | O25: DT2 Bosses - Virtus Robe Top
A26: Rs Kill King | B26: Dagannoth Kings - Seercull | C26: Fortis Colosseum - Sunfire fanatic chausses | D26: Dagannoth Kings - Archers Ring | E26: Fortis Colosseum - Echo Crystal x1
A27: sfsd | B27: Cerberus - Eternal Crystal | C27: Zulrah - Tanzanite Fang | D27: Zulrah - Uncut Onyx | E27: God Wars Dungeon - Staff of the Dead | F27: Royal Titans - Ice Element Staff Crown
A28: ShermyX | B28: Tempoross - Soaked Pages x25 | C28: Tempoross - Tome of Water | D28: Tempoross - Soaked Pages x25 | E28: Tempoross - Soaked Pages x25 | F28: Tempoross - Soaked Pages x25 | G28: Tempoross - Soaked Pages x25 | H28: Tempoross - Soaked Pages x25 | I28: Tempoross - Soaked Pages x25 | J28: Tempoross - Soaked Pages x25 | K28: Wintertodt - Tome of Fire
A29: Smokey Dro | B29: Tombs of Amascut - Lightbearer | C29: Tombs of Amascut - Osmumten's Fang | E29: Moons of Peril - Eclipse Atlatl
A30: Sn0ddy
A31: Suntj | B31: Gauntlet - Crystal Weapon Seed | C31: Dagannoth Kings - Seercull | D31: Mortimer - Basilisk Jaw | E31: Grotesque Guardians - Granite Maul | F31: Grotesque Guardians - Granite Ring | G31: Dagannoth Kings - Dragon axe | H31: Dagannoth Kings - Berserker Ring | I31: Phantom Muspah - Venator Shard | J31: Dagannoth Kings - Seers Ring | K31: Dagannoth Kings - Seers Ring | L31: Dagannoth Kings - Seers Ring | M31: God Wars Dungeon - Godsword Shard 2
A32: Swordfish ll | B32: Tormented Demons - Burning Claw | C32: Zulrah - Tanzanite Fang | D32: Zulrah - Serpentine Visage | E32: Zulrah - Magic Fang | F32: Demonic Gorillas - Ballista Limbs
A33: The Beaks | B33: Hueycoatl - Tome of Earth | C33: Royal Titans - Fire Element Staff Crown
A34: UK HMRC | B34: Medium Boots - Climbing Boots (g) | C34: Medium Boots - Spiked Manacles | D34: Barrows - Dharok's Platelegs | E34: Barrows - Karil's Coif | F34: Moons of Peril - Blue Moon Spear
A35: vainqueurs | B35: Moons of Peril - Blood Moon Helm | C35: Moons of Peril - Blood Moon Tassets
A36: Y e l l a a | B36: Dagannoth Kings - Dragon axe | C36: Zulrah - Tanzanite Fang | D36: Abyssal Sire - Bludgeon Claw | E36: Demonic Gorillas - Monkey Tail | F36: Dagannoth Kings - Seers Ring

Sheet Ultimate Breakdown
A1: RSN | C1: O V E R V I E W | F1: B O S S I N G | K1: C L U E | L1: M I N I G A M E S | P1: W I L D Y | V1: S O L O | AI1: D T 2 | AM1: T E A M | AS1: S L A Y E R | BD1: G W D | BI1: R A I D S
K2: =IMAGE("https://oldschool.runescape.wiki/images/Clue_scroll_%28easy%29.png?e29cd",1) | L2: =IMAGE("https://oldschool.runescape.wiki/images/thumb/Tempoross.png/1280px-Tempoross.png?12042",1) | M2: =IMAGE("https://oldschool.runescape.wiki/images/thumb/Rift_guardian_%28follower%2C_fire%29.png/200px-Rift_guardian_%28follower%2C_fire%29.png?725c4",1) | N2: =IMAGE("https://oldschool.runescape.wiki/images/thumb/Zalcano.png/200px-Zalcano.png?6244d",1) | O2: =IMAGE("https://oldschool.runescape.wiki/images/Tome_of_fire.png?c9227",1) | P2: =IMAGE("https://oldschool.runescape.wiki/images/thumb/Artio.png/170px-Artio.png?bfba7",1) | Q2: =IMAGE("https://oldschool.runescape.wiki/images/thumb/Callisto.png/170px-Callisto.png?bfba7",1) | R2: =IMAGE("https://oldschool.runescape.wiki/images/thumb/Calvar%27ion.png/125px-Calvar%27ion.png?6268f",1) | S2: =IMAGE("https://oldschool.runescape.wiki/images/thumb/Vet%27ion.png/125px-Vet%27ion.png?8695f",1) | T2: =IMAGE("https://oldschool.runescape.wiki/images/thumb/Spindel.png/200px-Spindel.png?2c818",1) | U2: =IMAGE("https://oldschool.runescape.wiki/images/thumb/Venenatis.png/200px-Venenatis.png?13693",1) | V2: =IMAGE("https://oldschool.runescape.wiki/images/thumb/Ahrim_the_Blighted.png/38px-Ahrim_the_Blighted.png?33092",1) | W2: =IMAGE("https://oldschool.runescape.wiki/images/thumb/Doom_of_Mokhaiotl_%28Christmas%29.png/277px-Doom_of_Mokhaiotl_%28Christmas%29.png?c76cc",1) | X2: =IMAGE("https://oldschool.runescape.wiki/images/thumb/Crystalline_Hunllef.png/280px-Crystalline_Hunllef.png?7737a",1) | Y2: =IMAGE("https://oldschool.runescape.wiki/images/thumb/Crystalline_Hunllef.png/280px-Crystalline_Hunllef.png?7737a",1) | Z2: =IMAGE("https://oldschool.runescape.wiki/images/thumb/Lunar_Chest_%28closed%29.png/280px-Lunar_Chest_%28closed%29.png?19bbc",1) | AA2: =IMAGE("https://oldschool.runescape.wiki/images/thumb/Phantom_Muspah_%28ranged%29.png/250px-Phantom_Muspah_%28ranged%29.png?9cf6a",1) | AB2: =IMAGE("https://oldschool.runescape.wiki/images/thumb/Scurrius.png/250px-Scurrius.png?e66a5",1) | AC2: =IMAGE("https://oldschool.runescape.wiki/images/thumb/Skotizo.png/250px-Skotizo.png?dc8b8",1) | AD2: =IMAGE("https://oldschool.runescape.wiki/images/thumb/Vorkath_%28Christmas%29.png/280px-Vorkath_%28Christmas%29.png?e8bc2",1) | AE2: =IMAGE("https://oldschool.runescape.wiki/images/thumb/Zulrah_%28serpentine%2C_Christmas%29.png/250px-Zulrah_%28serpentine%2C_Christmas%29.png?e8bc2",1) | AF2: =IMAGE("https://oldschool.runescape.wiki/images/thumb/Mad_Angel.webp/300px-Mad_Angel.webp?c7990",1) | AG2: =IMAGE("https://oldschool.runescape.wiki/images/thumb/Maggot_King.png/1280px-Maggot_King.png?a6790",1) | AH2: =IMAGE("https://oldschool.runescape.wiki/images/thumb/Sol_Heredit.png/800px-Sol_Heredit.png?91250",1) | AI2: =IMAGE("https://oldschool.runescape.wiki/images/thumb/Duke_Sucellus.png/280px-Duke_Sucellus.png?d588a",1) | AJ2: =IMAGE("https://oldschool.runescape.wiki/images/thumb/The_Leviathan.png/280px-The_Leviathan.png?d588a",1) | AK2: =IMAGE("https://oldschool.runescape.wiki/images/thumb/Vardorvis.png/200px-Vardorvis.png?48af8",1) | AL2: =IMAGE("https://oldschool.runescape.wiki/images/thumb/The_Whisperer.png/120px-The_Whisperer.png?aedab",1) | AM2: =IMAGE("https://oldschool.runescape.wiki/images/thumb/The_Hueycoatl.png/280px-The_Hueycoatl.png?7b216",1) | AN2: =IMAGE("https://oldschool.runescape.wiki/images/thumb/The_Nightmare_%28Christmas%29.png/250px-The_Nightmare_%28Christmas%29.png?92e21",1) | AO2: =IMAGE("https://oldschool.runescape.wiki/images/thumb/The_Nightmare_%28Christmas%29.png/250px-The_Nightmare_%28Christmas%29.png?92e21",1) | AP2: =IMAGE("https://oldschool.runescape.wiki/images/thumb/Royal_Titans_concept_art.png/1024px-Royal_Titans_concept_art.png?31e1d",1) | AQ2: =IMAGE("https://oldschool.runescape.wiki/images/thumb/Yama_%28Christmas%29.png/280px-Yama_%28Christmas%29.png?c9976",1) | AR2: =IMAGE("https://oldschool.runescape.wiki/images/thumb/Corporeal_Beast.png/1024px-Corporeal_Beast.png?52ebb",1) | AS2: =IMAGE("https://oldschool.runescape.wiki/images/thumb/Abyssal_Sire_%28phase_1%29.png/220px-Abyssal_Sire_%28phase_1%29.png?0db8f",1) | AT2: =IMAGE("https://oldschool.runescape.wiki/images/thumb/Hydra.png/220px-Hydra.png?660ce",1) | AU2: =IMAGE("https://oldschool.runescape.wiki/images/thumb/Araxxor.png/280px-Araxxor.png?35d2e",1) | AV2: =IMAGE("https://oldschool.runescape.wiki/images/thumb/Cerberus_%28Christmas%29.png/280px-Cerberus_%28Christmas%29.png?e8bc2",1) | AW2: =IMAGE("https://oldschool.runescape.wiki/images/thumb/Dagannoth_Prime.png/200px-Dagannoth_Prime.png?945b1",1) | AX2: =IMAGE("https://oldschool.runescape.wiki/images/thumb/Dagannoth_Rex.png/230px-Dagannoth_Rex.png?a99a9",1) | AY2: =IMAGE("https://oldschool.runescape.wiki/images/thumb/Dagannoth_Supreme.png/230px-Dagannoth_Supreme.png?81f00",1) | AZ2: =IMAGE("https://oldschool.runescape.wiki/images/thumb/Shellbane_gryphon_%28Christmas%29.png/250px-Shellbane_gryphon_%28Christmas%29.png?59050",1) | BA2: =IMAGE("https://oldschool.runescape.wiki/images/thumb/Dusk.png/250px-Dusk.png?2d6f0",1) | BB2: =IMAGE("https://oldschool.runescape.wiki/images/thumb/Kraken_%28Christmas%29.png/290px-Kraken_%28Christmas%29.png?9c9b4",1) | BC2: =IMAGE("https://oldschool.runescape.wiki/images/thumb/Thermonuclear_smoke_devil.png/260px-Thermonuclear_smoke_devil.png?de858",1) | BD2: =IMAGE("https://oldschool.runescape.wiki/images/thumb/Commander_Zilyana.png/250px-Commander_Zilyana.png?c5eaa",1) | BE2: =IMAGE("https://oldschool.runescape.wiki/images/thumb/General_Graardor.png/280px-General_Graardor.png?4dd90",1) | BF2: =IMAGE("https://oldschool.runescape.wiki/images/thumb/K%27ril_Tsutsaroth.png/280px-K%27ril_Tsutsaroth.png?73bda",1) | BG2: =IMAGE("https://oldschool.runescape.wiki/images/thumb/Kree%27arra.png/280px-Kree%27arra.png?ba75c",1) | BH2: =IMAGE("https://oldschool.runescape.wiki/images/thumb/Nex.png/270px-Nex.png?2a1b3",1) | BI2: =IMAGE("https://oldschool.runescape.wiki/images/Twisted_bow.png?08f42",1) | BJ2: =IMAGE("https://oldschool.runescape.wiki/images/Twisted_bow.png?08f42",1) | BK2: =IMAGE("https://oldschool.runescape.wiki/images/Scythe_of_vitur.png?c943f",1) | BL2: =IMAGE("https://oldschool.runescape.wiki/images/Scythe_of_vitur.png?c943f",1) | BM2: =IMAGE("https://oldschool.runescape.wiki/images/Tumeken%27s_shadow.png?3169b",1) | BN2: =IMAGE("https://oldschool.runescape.wiki/images/Tumeken%27s_shadow.png?3169b",1)
A3: RSN | B3: Team | C3: Reward | D3: Iron | E3: EHB Gain | F3: BOSS # | G3: TOT KC | H3: #1 Boss KC | I3: #2 Boss KC | J3: #3 Boss KC | K3: MED | L3: TEM | M3: GOT | N3: ZAL | O3: WT | P3: ART | Q3: CAL | R3: CLV | S3: VET | T3: SPI | U3: VEN | V3: BAR | W3: DOO | X3: GAU | Y3: CGA | Z3: MOO | AA3: MUS | AB3: SCU | AC3: SKO | AD3: VOR | AE3: ZUL | AF3: MAD | AG3: MAG | AH3: COL | AI3: DUK | AJ3: LEV | AK3: VAR | AL3: WHI | AM3: HUE | AN3: NIG | AO3: PNM | AP3: TIT | AQ3: YAM | AR3: CRP | AS3: SIR | AT3: HYD | AU3: ARX | AV3: CER | AW3: DGP | AX3: DGR | AY3: DGS | AZ3: GRY | BA3: GRG | BB3: KRK | BC3: TSD | BD3: ZIL | BE3: GRA | BF3: KRI | BG3: KRE | BH3: NEX | BI3: COX | BJ3: CXC | BK3: TOB | BL3: TBH | BM3: TOA | BN3: TOE
A4: Arcane0214 | B4: Thunder Crabs | C4: ✅ | E4: 2.02 | F4: =COUNTIF(L4:BN4,">4") -> 1 | G4: =SUM(L4:BN4) -> 61 | H4: =IFERROR(__xludf.DUMMYFUNCTION("IFERROR(INDEX(INDEX('Ultimate Breakdown'!BossLookup,0,1),MATCH(INDEX(QUERY(TRANSPOSE({Table2[[#HEADERS],[TEM]:[TOE]];L4:BN4}),""select Col1 where Col2 > 0 order by Col2 desc limit 3"",0),1,1),INDEX('Ultimate Breakdown'!BossLookup,0,2),0)),"""")"),"Maggot King") -> Maggot King | I4: =IFERROR(__xludf.DUMMYFUNCTION("IFERROR(INDEX(INDEX('Ultimate Breakdown'!BossLookup,0,1),MATCH(INDEX(QUERY(TRANSPOSE({$L$3:$BN$3;L4:BN4}),""select Col1 where Col2 > 0 order by Col2 desc limit 3"",0),2,1),INDEX('Ultimate Breakdown'!BossLookup,0,2),0)),"""")"),"Mad Angel") -> Mad Angel | J4: =IFERROR(__xludf.DUMMYFUNCTION("IFERROR(INDEX(INDEX('Ultimate Breakdown'!BossLookup,0,1),MATCH(INDEX(QUERY(TRANSPOSE({Table2[[#HEADERS],[TEM]:[TOE]];L4:BN4}),""select Col1 where Col2 > 0 order by Col2 desc limit 3"",0),3,1),INDEX('Ultimate Breakdown'!BossLookup,0,2),0)),"""")"),"") | AF4: 1 | AG4: 60
A5: Bear clogs | B5: Thunder Crabs | C5: ✅ | E5: 14.7 | F5: =COUNTIF(L5:BN5,">4") -> 5 | G5: =SUM(L5:BN5) -> 620 | H5: =IFERROR(__xludf.DUMMYFUNCTION("IFERROR(INDEX(INDEX('Ultimate Breakdown'!BossLookup,0,1),MATCH(INDEX(QUERY(TRANSPOSE({Table2[[#HEADERS],[TEM]:[TOE]];L5:BN5}),""select Col1 where Col2 > 0 order by Col2 desc limit 3"",0),1,1),INDEX('Ultimate Breakdown'!BossLookup,0,2),0)),"""")"),"Vardorvis") -> Vardorvis | I5: =IFERROR(__xludf.DUMMYFUNCTION("IFERROR(INDEX(INDEX('Ultimate Breakdown'!BossLookup,0,1),MATCH(INDEX(QUERY(TRANSPOSE({$L$3:$BN$3;L5:BN5}),""select Col1 where Col2 > 0 order by Col2 desc limit 3"",0),2,1),INDEX('Ultimate Breakdown'!BossLookup,0,2),0)),"""")"),"Calvari'ion") -> Calvari'ion | J5: =IFERROR(__xludf.DUMMYFUNCTION("IFERROR(INDEX(INDEX('Ultimate Breakdown'!BossLookup,0,1),MATCH(INDEX(QUERY(TRANSPOSE({Table2[[#HEADERS],[TEM]:[TOE]];L5:BN5}),""select Col1 where Col2 > 0 order by Col2 desc limit 3"",0),3,1),INDEX('Ultimate Breakdown'!BossLookup,0,2),0)),"""")"),"General Graardor") -> General Graardor | R5: 90 | AK5: 475 | AP5: 19 | BB5: 12 | BE5: 24
A6: em19em19 | B6: Thunder Crabs | C6: ✅ | E6: 8.86 | F6: =COUNTIF(L6:BN6,">4") -> 8 | G6: =SUM(L6:BN6) -> 193 | H6: =IFERROR(__xludf.DUMMYFUNCTION("IFERROR(INDEX(INDEX('Ultimate Breakdown'!BossLookup,0,1),MATCH(INDEX(QUERY(TRANSPOSE({Table2[[#HEADERS],[TEM]:[TOE]];L6:BN6}),""select Col1 where Col2 > 0 order by Col2 desc limit 3"",0),1,1),INDEX('Ultimate Breakdown'!BossLookup,0,2),0)),"""")"),"Tempoross") -> Tempoross | I6: =IFERROR(__xludf.DUMMYFUNCTION("IFERROR(INDEX(INDEX('Ultimate Breakdown'!BossLookup,0,1),MATCH(INDEX(QUERY(TRANSPOSE({$L$3:$BN$3;L6:BN6}),""select Col1 where Col2 > 0 order by Col2 desc limit 3"",0),2,1),INDEX('Ultimate Breakdown'!BossLookup,0,2),0)),"""")"),"Guardians of the Rift") -> Guardians of the Rift | J6: =IFERROR(__xludf.DUMMYFUNCTION("IFERROR(INDEX(INDEX('Ultimate Breakdown'!BossLookup,0,1),MATCH(INDEX(QUERY(TRANSPOSE({Table2[[#HEADERS],[TEM]:[TOE]];L6:BN6}),""select Col1 where Col2 > 0 order by Col2 desc limit 3"",0),3,1),INDEX('Ultimate Breakdown'!BossLookup,0,2),0)),"""")"),"Hueycoatl") -> Hueycoatl | K6: 33 | L6: 79 | M6: 38 | N6: 8 | O6: 10 | X6: 5 | Z6: 5 | AF6: 1 | AM6: 24 | BM6: 19 | BN6: 4
A7: Excadriill | B7: Thunder Crabs | C7: ✅ | E7: 3.27 | F7: =COUNTIF(L7:BN7,">4") -> 1 | G7: =SUM(L7:BN7) -> 66 | H7: =IFERROR(__xludf.DUMMYFUNCTION("IFERROR(INDEX(INDEX('Ultimate Breakdown'!BossLookup,0,1),MATCH(INDEX(QUERY(TRANSPOSE({Table2[[#HEADERS],[TEM]:[TOE]];L7:BN7}),""select Col1 where Col2 > 0 order by Col2 desc limit 3"",0),1,1),INDEX('Ultimate Breakdown'!BossLookup,0,2),0)),"""")"),"Hueycoatl") -> Hueycoatl | I7: =IFERROR(__xludf.DUMMYFUNCTION("IFERROR(INDEX(INDEX('Ultimate Breakdown'!BossLookup,0,1),MATCH(INDEX(QUERY(TRANSPOSE({$L$3:$BN$3;L7:BN7}),""select Col1 where Col2 > 0 order by Col2 desc limit 3"",0),2,1),INDEX('Ultimate Breakdown'!BossLookup,0,2),0)),"""")"),"Mad Angel") -> Mad Angel | J7: =IFERROR(__xludf.DUMMYFUNCTION("IFERROR(INDEX(INDEX('Ultimate Breakdown'!BossLookup,0,1),MATCH(INDEX(QUERY(TRANSPOSE({Table2[[#HEADERS],[TEM]:[TOE]];L7:BN7}),""select Col1 where Col2 > 0 order by Col2 desc limit 3"",0),3,1),INDEX('Ultimate Breakdown'!BossLookup,0,2),0)),"""")"),"") | K7: 18 | AF7: 1 | AM7: 65
A8: Faultiest | B8: Thunder Crabs | C8: ✅ | E8: 9 | F8: =COUNTIF(L8:BN8,">4") -> 5 | G8: =SUM(L8:BN8) -> 513 | H8: =IFERROR(__xludf.DUMMYFUNCTION("IFERROR(INDEX(INDEX('Ultimate Breakdown'!BossLookup,0,1),MATCH(INDEX(QUERY(TRANSPOSE({Table2[[#HEADERS],[TEM]:[TOE]];L8:BN8}),""select Col1 where Col2 > 0 order by Col2 desc limit 3"",0),1,1),INDEX('Ultimate Breakdown'!BossLookup,0,2),0)),"""")"),"Shellbane Gryphon") -> Shellbane Gryphon | I8: =IFERROR(__xludf.DUMMYFUNCTION("IFERROR(INDEX(INDEX('Ultimate Breakdown'!BossLookup,0,1),MATCH(INDEX(QUERY(TRANSPOSE({$L$3:$BN$3;L8:BN8}),""select Col1 where Col2 > 0 order by Col2 desc limit 3"",0),2,1),INDEX('Ultimate Breakdown'!BossLookup,0,2),0)),"""")"),"Scurrius") -> Scurrius | J8: =IFERROR(__xludf.DUMMYFUNCTION("IFERROR(INDEX(INDEX('Ultimate Breakdown'!BossLookup,0,1),MATCH(INDEX(QUERY(TRANSPOSE({Table2[[#HEADERS],[TEM]:[TOE]];L8:BN8}),""select Col1 where Col2 > 0 order by Col2 desc limit 3"",0),3,1),INDEX('Ultimate Breakdown'!BossLookup,0,2),0)),"""")"),"Mad Angel") -> Mad Angel | M8: 27 | AB8: 140 | AF8: 91 | AM8: 71 | AZ8: 184
A9: FearBanana | B9: Thunder Crabs | C9: ✅ | E9: 17.52 | F9: =COUNTIF(L9:BN9,">4") -> 5 | G9: =SUM(L9:BN9) -> 815 | H9: =IFERROR(__xludf.DUMMYFUNCTION("IFERROR(INDEX(INDEX('Ultimate Breakdown'!BossLookup,0,1),MATCH(INDEX(QUERY(TRANSPOSE({Table2[[#HEADERS],[TEM]:[TOE]];L9:BN9}),""select Col1 where Col2 > 0 order by Col2 desc limit 3"",0),1,1),INDEX('Ultimate Breakdown'!BossLookup,0,2),0)),"""")"),"Mad Angel") -> Mad Angel | I9: =IFERROR(__xludf.DUMMYFUNCTION("IFERROR(INDEX(INDEX('Ultimate Breakdown'!BossLookup,0,1),MATCH(INDEX(QUERY(TRANSPOSE({$L$3:$BN$3;L9:BN9}),""select Col1 where Col2 > 0 order by Col2 desc limit 3"",0),2,1),INDEX('Ultimate Breakdown'!BossLookup,0,2),0)),"""")"),"Royal Titans") -> Royal Titans | J9: =IFERROR(__xludf.DUMMYFUNCTION("IFERROR(INDEX(INDEX('Ultimate Breakdown'!BossLookup,0,1),MATCH(INDEX(QUERY(TRANSPOSE({Table2[[#HEADERS],[TEM]:[TOE]];L9:BN9}),""select Col1 where Col2 > 0 order by Col2 desc limit 3"",0),3,1),INDEX('Ultimate Breakdown'!BossLookup,0,2),0)),"""")"),"Hueycoatl") -> Hueycoatl | K9: 2 | M9: 19 | Z9: 30 | AF9: 453 | AM9: 81 | AP9: 232
A10: Foresto | B10: Thunder Crabs | C10: ✅ | E10: 16.3 | F10: =COUNTIF(L10:BN10,">4") -> 14 | G10: =SUM(L10:BN10) -> 335 | H10: =IFERROR(__xludf.DUMMYFUNCTION("IFERROR(INDEX(INDEX('Ultimate Breakdown'!BossLookup,0,1),MATCH(INDEX(QUERY(TRANSPOSE({Table2[[#HEADERS],[TEM]:[TOE]];L10:BN10}),""select Col1 where Col2 > 0 order by Col2 desc limit 3"",0),1,1),INDEX('Ultimate Breakdown'!BossLookup,0,2),0)),"""")"),"Grotesque Guardians") -> Grotesque Guardians | I10: =IFERROR(__xludf.DUMMYFUNCTION("IFERROR(INDEX(INDEX('Ultimate Breakdown'!BossLookup,0,1),MATCH(INDEX(QUERY(TRANSPOSE({$L$3:$BN$3;L10:BN10}),""select Col1 where Col2 > 0 order by Col2 desc limit 3"",0),2,1),INDEX('Ultimate Breakdown'!BossLookup,0,2),0)),"""")"),"Mad Angel") -> Mad Angel | J10: =IFERROR(__xludf.DUMMYFUNCTION("IFERROR(INDEX(INDEX('Ultimate Breakdown'!BossLookup,0,1),MATCH(INDEX(QUERY(TRANSPOSE({Table2[[#HEADERS],[TEM]:[TOE]];L10:BN10}),""select Col1 where Col2 > 0 order by Col2 desc limit 3"",0),3,1),INDEX('Ultimate Breakdown'!BossLookup,0,2),0)),"""")"),"Scurrius") -> Scurrius | K10: 23 | N10: 24 | T10: 27 | V10: 33 | X10: 18 | Y10: 12 | Z10: 17 | AA10: 7 | AB10: 37 | AC10: 5 | AF10: 41 | AM10: 29 | AS10: 7 | AX10: 1 | AZ10: 2 | BA10: 66 | BE10: 2 | BM10: 7
A11: Frangud | B11: Thunder Crabs | C11: ✅ | E11: 14.75 | F11: =COUNTIF(L11:BN11,">4") -> 9 | G11: =SUM(L11:BN11) -> 546 | H11: =IFERROR(__xludf.DUMMYFUNCTION("IFERROR(INDEX(INDEX('Ultimate Breakdown'!BossLookup,0,1),MATCH(INDEX(QUERY(TRANSPOSE({Table2[[#HEADERS],[TEM]:[TOE]];L11:BN11}),""select Col1 where Col2 > 0 order by Col2 desc limit 3"",0),1,1),INDEX('Ultimate Breakdown'!BossLookup,0,2),0)),"""")"),"Cerberus") -> Cerberus | I11: =IFERROR(__xludf.DUMMYFUNCTION("IFERROR(INDEX(INDEX('Ultimate Breakdown'!BossLookup,0,1),MATCH(INDEX(QUERY(TRANSPOSE({$L$3:$BN$3;L11:BN11}),""select Col1 where Col2 > 0 order by Col2 desc limit 3"",0),2,1),INDEX('Ultimate Breakdown'!BossLookup,0,2),0)),"""")"),"Abyssal Sire") -> Abyssal Sire | J11: =IFERROR(__xludf.DUMMYFUNCTION("IFERROR(INDEX(INDEX('Ultimate Breakdown'!BossLookup,0,1),MATCH(INDEX(QUERY(TRANSPOSE({Table2[[#HEADERS],[TEM]:[TOE]];L11:BN11}),""select Col1 where Col2 > 0 order by Col2 desc limit 3"",0),3,1),INDEX('Ultimate Breakdown'!BossLookup,0,2),0)),"""")"),"Shellbane Gryphon") -> Shellbane Gryphon | Y11: 35 | Z11: 4 | AB11: 23 | AD11: 18 | AF11: 1 | AI11: 20 | AM11: 21 | AP11: 22 | AS11: 129 | AV11: 160 | AZ11: 113
A12: Gas Stone86 | B12: Thunder Crabs | C12: ✅ | E12: 2.95 | F12: =COUNTIF(L12:BN12,">4") -> 3 | G12: =SUM(L12:BN12) -> 155 | H12: =IFERROR(__xludf.DUMMYFUNCTION("IFERROR(INDEX(INDEX('Ultimate Breakdown'!BossLookup,0,1),MATCH(INDEX(QUERY(TRANSPOSE({Table2[[#HEADERS],[TEM]:[TOE]];L12:BN12}),""select Col1 where Col2 > 0 order by Col2 desc limit 3"",0),1,1),INDEX('Ultimate Breakdown'!BossLookup,0,2),0)),"""")"),"Scurrius") -> Scurrius | I12: =IFERROR(__xludf.DUMMYFUNCTION("IFERROR(INDEX(INDEX('Ultimate Breakdown'!BossLookup,0,1),MATCH(INDEX(QUERY(TRANSPOSE({$L$3:$BN$3;L12:BN12}),""select Col1 where Col2 > 0 order by Col2 desc limit 3"",0),2,1),INDEX('Ultimate Breakdown'!BossLookup,0,2),0)),"""")"),"Mad Angel") -> Mad Angel | J12: =IFERROR(__xludf.DUMMYFUNCTION("IFERROR(INDEX(INDEX('Ultimate Breakdown'!BossLookup,0,1),MATCH(INDEX(QUERY(TRANSPOSE({Table2[[#HEADERS],[TEM]:[TOE]];L12:BN12}),""select Col1 where Col2 > 0 order by Col2 desc limit 3"",0),3,1),INDEX('Ultimate Breakdown'!BossLookup,0,2),0)),"""")"),"Moons of Peril") -> Moons of Peril | Z12: 15 | AB12: 90 | AF12: 50
A13: GIMhimejoshi | B13: Thunder Crabs | C13: ✅ | E13: 0.2 | F13: =COUNTIF(L13:BN13,">4") -> 0 | G13: =SUM(L13:BN13) -> 8 | H13: =IFERROR(__xludf.DUMMYFUNCTION("IFERROR(INDEX(INDEX('Ultimate Breakdown'!BossLookup,0,1),MATCH(INDEX(QUERY(TRANSPOSE({Table2[[#HEADERS],[TEM]:[TOE]];L13:BN13}),""select Col1 where Col2 > 0 order by Col2 desc limit 3"",0),1,1),INDEX('Ultimate Breakdown'!BossLookup,0,2),0)),"""")"),"Wintertodt") -> Wintertodt | I13: =IFERROR(__xludf.DUMMYFUNCTION("IFERROR(INDEX(INDEX('Ultimate Breakdown'!BossLookup,0,1),MATCH(INDEX(QUERY(TRANSPOSE({$L$3:$BN$3;L13:BN13}),""select Col1 where Col2 > 0 order by Col2 desc limit 3"",0),2,1),INDEX('Ultimate Breakdown'!BossLookup,0,2),0)),"""")"),"Moons of Peril") -> Moons of Peril | J13: =IFERROR(__xludf.DUMMYFUNCTION("IFERROR(INDEX(INDEX('Ultimate Breakdown'!BossLookup,0,1),MATCH(INDEX(QUERY(TRANSPOSE({Table2[[#HEADERS],[TEM]:[TOE]];L13:BN13}),""select Col1 where Col2 > 0 order by Col2 desc limit 3"",0),3,1),INDEX('Ultimate Breakdown'!BossLookup,0,2),0)),"""")"),"Mad Angel") -> Mad Angel | O13: 4 | Z13: 3 | AF13: 1
A14: HareForceOne | B14: Thunder Crabs | C14: ✅ | E14: 17.7 | F14: =COUNTIF(L14:BN14,">4") -> 8 | G14: =SUM(L14:BN14) -> 634 | H14: =IFERROR(__xludf.DUMMYFUNCTION("IFERROR(INDEX(INDEX('Ultimate Breakdown'!BossLookup,0,1),MATCH(INDEX(QUERY(TRANSPOSE({Table2[[#HEADERS],[TEM]:[TOE]];L14:BN14}),""select Col1 where Col2 > 0 order by Col2 desc limit 3"",0),1,1),INDEX('Ultimate Breakdown'!BossLookup,0,2),0)),"""")"),"Alchemical Hydra") -> Alchemical Hydra | I14: =IFERROR(__xludf.DUMMYFUNCTION("IFERROR(INDEX(INDEX('Ultimate Breakdown'!BossLookup,0,1),MATCH(INDEX(QUERY(TRANSPOSE({$L$3:$BN$3;L14:BN14}),""select Col1 where Col2 > 0 order by Col2 desc limit 3"",0),2,1),INDEX('Ultimate Breakdown'!BossLookup,0,2),0)),"""")"),"Vorkath") -> Vorkath | J14: =IFERROR(__xludf.DUMMYFUNCTION("IFERROR(INDEX(INDEX('Ultimate Breakdown'!BossLookup,0,1),MATCH(INDEX(QUERY(TRANSPOSE({Table2[[#HEADERS],[TEM]:[TOE]];L14:BN14}),""select Col1 where Col2 > 0 order by Col2 desc limit 3"",0),3,1),INDEX('Ultimate Breakdown'!BossLookup,0,2),0)),"""")"),"Araxxor") -> Araxxor | AA14: 3 | AC14: 10 | AD14: 161 | AE14: 53 | AF14: 51 | AM14: 23 | AT14: 182 | AU14: 114 | AV14: 37
A15: Henacy | B15: Thunder Crabs | C15: ✅ | E15: 0.16 | F15: =COUNTIF(L15:BN15,">4") -> 3 | G15: =SUM(L15:BN15) -> 112 | H15: =IFERROR(__xludf.DUMMYFUNCTION("IFERROR(INDEX(INDEX('Ultimate Breakdown'!BossLookup,0,1),MATCH(INDEX(QUERY(TRANSPOSE({Table2[[#HEADERS],[TEM]:[TOE]];L15:BN15}),""select Col1 where Col2 > 0 order by Col2 desc limit 3"",0),1,1),INDEX('Ultimate Breakdown'!BossLookup,0,2),0)),"""")"),"Guardians of the Rift") -> Guardians of the Rift | I15: =IFERROR(__xludf.DUMMYFUNCTION("IFERROR(INDEX(INDEX('Ultimate Breakdown'!BossLookup,0,1),MATCH(INDEX(QUERY(TRANSPOSE({$L$3:$BN$3;L15:BN15}),""select Col1 where Col2 > 0 order by Col2 desc limit 3"",0),2,1),INDEX('Ultimate Breakdown'!BossLookup,0,2),0)),"""")"),"Wintertodt") -> Wintertodt | J15: =IFERROR(__xludf.DUMMYFUNCTION("IFERROR(INDEX(INDEX('Ultimate Breakdown'!BossLookup,0,1),MATCH(INDEX(QUERY(TRANSPOSE({Table2[[#HEADERS],[TEM]:[TOE]];L15:BN15}),""select Col1 where Col2 > 0 order by Col2 desc limit 3"",0),3,1),INDEX('Ultimate Breakdown'!BossLookup,0,2),0)),"""")"),"Tempoross") -> Tempoross | K15: 2 | L15: 18 | M15: 69 | O15: 22 | V15: 1 | AB15: 2
A16: IMfinish | B16: Thunder Crabs | C16: ✅ | E16: 11.16 | F16: =COUNTIF(L16:BN16,">4") -> 7 | G16: =SUM(L16:BN16) -> 568 | H16: =IFERROR(__xludf.DUMMYFUNCTION("IFERROR(INDEX(INDEX('Ultimate Breakdown'!BossLookup,0,1),MATCH(INDEX(QUERY(TRANSPOSE({Table2[[#HEADERS],[TEM]:[TOE]];L16:BN16}),""select Col1 where Col2 > 0 order by Col2 desc limit 3"",0),1,1),INDEX('Ultimate Breakdown'!BossLookup,0,2),0)),"""")"),"Venenatis") -> Venenatis | I16: =IFERROR(__xludf.DUMMYFUNCTION("IFERROR(INDEX(INDEX('Ultimate Breakdown'!BossLookup,0,1),MATCH(INDEX(QUERY(TRANSPOSE({$L$3:$BN$3;L16:BN16}),""select Col1 where Col2 > 0 order by Col2 desc limit 3"",0),2,1),INDEX('Ultimate Breakdown'!BossLookup,0,2),0)),"""")"),"Zalcano") -> Zalcano | J16: =IFERROR(__xludf.DUMMYFUNCTION("IFERROR(INDEX(INDEX('Ultimate Breakdown'!BossLookup,0,1),MATCH(INDEX(QUERY(TRANSPOSE({Table2[[#HEADERS],[TEM]:[TOE]];L16:BN16}),""select Col1 where Col2 > 0 order by Col2 desc limit 3"",0),3,1),INDEX('Ultimate Breakdown'!BossLookup,0,2),0)),"""")"),"Artio") -> Artio | K16: 9 | N16: 118 | P16: 62 | Q16: 8 | U16: 310 | AC16: 3 | AF16: 1 | AS16: 50 | BE16: 1 | BM16: 6 | BN16: 9
A17: Iron bm king | B17: Thunder Crabs | C17: ✅ | E17: 21.44 | F17: =COUNTIF(L17:BN17,">4") -> 7 | G17: =SUM(L17:BN17) -> 282 | H17: =IFERROR(__xludf.DUMMYFUNCTION("IFERROR(INDEX(INDEX('Ultimate Breakdown'!BossLookup,0,1),MATCH(INDEX(QUERY(TRANSPOSE({Table2[[#HEADERS],[TEM]:[TOE]];L17:BN17}),""select Col1 where Col2 > 0 order by Col2 desc limit 3"",0),1,1),INDEX('Ultimate Breakdown'!BossLookup,0,2),0)),"""")"),"Doom of Mokhaiotl") -> Doom of Mokhaiotl | I17: =IFERROR(__xludf.DUMMYFUNCTION("IFERROR(INDEX(INDEX('Ultimate Breakdown'!BossLookup,0,1),MATCH(INDEX(QUERY(TRANSPOSE({$L$3:$BN$3;L17:BN17}),""select Col1 where Col2 > 0 order by Col2 desc limit 3"",0),2,1),INDEX('Ultimate Breakdown'!BossLookup,0,2),0)),"""")"),"Maggot King") -> Maggot King | J17: =IFERROR(__xludf.DUMMYFUNCTION("IFERROR(INDEX(INDEX('Ultimate Breakdown'!BossLookup,0,1),MATCH(INDEX(QUERY(TRANSPOSE({Table2[[#HEADERS],[TEM]:[TOE]];L17:BN17}),""select Col1 where Col2 > 0 order by Col2 desc limit 3"",0),3,1),INDEX('Ultimate Breakdown'!BossLookup,0,2),0)),"""")"),"Chambers of Xeric") -> Chambers of Xeric | W17: 164 | Y17: 6 | AE17: 20 | AG17: 43 | AO17: 6 | AQ17: 11 | BI17: 25 | BJ17: 2 | BM17: 3 | BN17: 2
A18: IronDresser | B18: Thunder Crabs | C18: ✅ | E18: 21.68 | F18: =COUNTIF(L18:BN18,">4") -> 9 | G18: =SUM(L18:BN18) -> 655 | H18: =IFERROR(__xludf.DUMMYFUNCTION("IFERROR(INDEX(INDEX('Ultimate Breakdown'!BossLookup,0,1),MATCH(INDEX(QUERY(TRANSPOSE({Table2[[#HEADERS],[TEM]:[TOE]];L18:BN18}),""select Col1 where Col2 > 0 order by Col2 desc limit 3"",0),1,1),INDEX('Ultimate Breakdown'!BossLookup,0,2),0)),"""")"),"Araxxor") -> Araxxor | I18: =IFERROR(__xludf.DUMMYFUNCTION("IFERROR(INDEX(INDEX('Ultimate Breakdown'!BossLookup,0,1),MATCH(INDEX(QUERY(TRANSPOSE({$L$3:$BN$3;L18:BN18}),""select Col1 where Col2 > 0 order by Col2 desc limit 3"",0),2,1),INDEX('Ultimate Breakdown'!BossLookup,0,2),0)),"""")"),"Duke Sucellus") -> Duke Sucellus | J18: =IFERROR(__xludf.DUMMYFUNCTION("IFERROR(INDEX(INDEX('Ultimate Breakdown'!BossLookup,0,1),MATCH(INDEX(QUERY(TRANSPOSE({Table2[[#HEADERS],[TEM]:[TOE]];L18:BN18}),""select Col1 where Col2 > 0 order by Col2 desc limit 3"",0),3,1),INDEX('Ultimate Breakdown'!BossLookup,0,2),0)),"""")"),"Muspah") -> Muspah | Y18: 6 | AA18: 67 | AE18: 15 | AF18: 1 | AI18: 69 | AK18: 60 | AM18: 21 | AU18: 373 | AW18: 4 | AX18: 3 | AY18: 4 | BD18: 17 | BM18: 13 | BN18: 2
A19: JamesMokka | B19: Thunder Crabs | C19: ✅ | E19: 0.52 | F19: =COUNTIF(L19:BN19,">4") -> 2 | G19: =SUM(L19:BN19) -> 38 | H19: =IFERROR(__xludf.DUMMYFUNCTION("IFERROR(INDEX(INDEX('Ultimate Breakdown'!BossLookup,0,1),MATCH(INDEX(QUERY(TRANSPOSE({Table2[[#HEADERS],[TEM]:[TOE]];L19:BN19}),""select Col1 where Col2 > 0 order by Col2 desc limit 3"",0),1,1),INDEX('Ultimate Breakdown'!BossLookup,0,2),0)),"""")"),"Zalcano") -> Zalcano | I19: =IFERROR(__xludf.DUMMYFUNCTION("IFERROR(INDEX(INDEX('Ultimate Breakdown'!BossLookup,0,1),MATCH(INDEX(QUERY(TRANSPOSE({$L$3:$BN$3;L19:BN19}),""select Col1 where Col2 > 0 order by Col2 desc limit 3"",0),2,1),INDEX('Ultimate Breakdown'!BossLookup,0,2),0)),"""")"),"Calvari'ion") -> Calvari'ion | J19: =IFERROR(__xludf.DUMMYFUNCTION("IFERROR(INDEX(INDEX('Ultimate Breakdown'!BossLookup,0,1),MATCH(INDEX(QUERY(TRANSPOSE({Table2[[#HEADERS],[TEM]:[TOE]];L19:BN19}),""select Col1 where Col2 > 0 order by Col2 desc limit 3"",0),3,1),INDEX('Ultimate Breakdown'!BossLookup,0,2),0)),"""")"),"Scurrius") -> Scurrius | K19: 2 | N19: 17 | R19: 17 | Z19: 1 | AB19: 2 | AF19: 1
A20: JaysunMimosa | B20: Thunder Crabs | C20: ✅ | E20: 10.96 | F20: =COUNTIF(L20:BN20,">4") -> 9 | G20: =SUM(L20:BN20) -> 298 | H20: =IFERROR(__xludf.DUMMYFUNCTION("IFERROR(INDEX(INDEX('Ultimate Breakdown'!BossLookup,0,1),MATCH(INDEX(QUERY(TRANSPOSE({Table2[[#HEADERS],[TEM]:[TOE]];L20:BN20}),""select Col1 where Col2 > 0 order by Col2 desc limit 3"",0),1,1),INDEX('Ultimate Breakdown'!BossLookup,0,2),0)),"""")"),"Duke Sucellus") -> Duke Sucellus | I20: =IFERROR(__xludf.DUMMYFUNCTION("IFERROR(INDEX(INDEX('Ultimate Breakdown'!BossLookup,0,1),MATCH(INDEX(QUERY(TRANSPOSE({$L$3:$BN$3;L20:BN20}),""select Col1 where Col2 > 0 order by Col2 desc limit 3"",0),2,1),INDEX('Ultimate Breakdown'!BossLookup,0,2),0)),"""")"),"Hueycoatl") -> Hueycoatl | J20: =IFERROR(__xludf.DUMMYFUNCTION("IFERROR(INDEX(INDEX('Ultimate Breakdown'!BossLookup,0,1),MATCH(INDEX(QUERY(TRANSPOSE({Table2[[#HEADERS],[TEM]:[TOE]];L20:BN20}),""select Col1 where Col2 > 0 order by Col2 desc limit 3"",0),3,1),INDEX('Ultimate Breakdown'!BossLookup,0,2),0)),"""")"),"Vet'ion") -> Vet'ion | K20: 11 | M20: 44 | N20: 1 | S20: 45 | X20: 2 | AA20: 1 | AC20: 4 | AE20: 6 | AF20: 31 | AI20: 55 | AM20: 55 | AP20: 16 | AQ20: 23 | BA20: 1 | BE20: 1 | BF20: 2 | BI20: 4 | BM20: 5 | BN20: 2
A21: Lowbob PVM | B21: Thunder Crabs | C21: ✅ | E21: 14.96 | F21: =COUNTIF(L21:BN21,">4") -> 7 | G21: =SUM(L21:BN21) -> 657 | H21: =IFERROR(__xludf.DUMMYFUNCTION("IFERROR(INDEX(INDEX('Ultimate Breakdown'!BossLookup,0,1),MATCH(INDEX(QUERY(TRANSPOSE({Table2[[#HEADERS],[TEM]:[TOE]];L21:BN21}),""select Col1 where Col2 > 0 order by Col2 desc limit 3"",0),1,1),INDEX('Ultimate Breakdown'!BossLookup,0,2),0)),"""")"),"Abyssal Sire") -> Abyssal Sire | I21: =IFERROR(__xludf.DUMMYFUNCTION("IFERROR(INDEX(INDEX('Ultimate Breakdown'!BossLookup,0,1),MATCH(INDEX(QUERY(TRANSPOSE({$L$3:$BN$3;L21:BN21}),""select Col1 where Col2 > 0 order by Col2 desc limit 3"",0),2,1),INDEX('Ultimate Breakdown'!BossLookup,0,2),0)),"""")"),"Araxxor") -> Araxxor | J21: =IFERROR(__xludf.DUMMYFUNCTION("IFERROR(INDEX(INDEX('Ultimate Breakdown'!BossLookup,0,1),MATCH(INDEX(QUERY(TRANSPOSE({Table2[[#HEADERS],[TEM]:[TOE]];L21:BN21}),""select Col1 where Col2 > 0 order by Col2 desc limit 3"",0),3,1),INDEX('Ultimate Breakdown'!BossLookup,0,2),0)),"""")"),"Alchemical Hydra") -> Alchemical Hydra | M21: 1 | S21: 6 | AC21: 3 | AE21: 16 | AF21: 1 | AI21: 10 | AS21: 265 | AT21: 50 | AU21: 259 | AV21: 46
A22: Mandahore | B22: Thunder Crabs | C22: ✅ | E22: 12.38 | F22: =COUNTIF(L22:BN22,">4") -> 7 | G22: =SUM(L22:BN22) -> 366 | H22: =IFERROR(__xludf.DUMMYFUNCTION("IFERROR(INDEX(INDEX('Ultimate Breakdown'!BossLookup,0,1),MATCH(INDEX(QUERY(TRANSPOSE({Table2[[#HEADERS],[TEM]:[TOE]];L22:BN22}),""select Col1 where Col2 > 0 order by Col2 desc limit 3"",0),1,1),INDEX('Ultimate Breakdown'!BossLookup,0,2),0)),"""")"),"Araxxor") -> Araxxor | I22: =IFERROR(__xludf.DUMMYFUNCTION("IFERROR(INDEX(INDEX('Ultimate Breakdown'!BossLookup,0,1),MATCH(INDEX(QUERY(TRANSPOSE({$L$3:$BN$3;L22:BN22}),""select Col1 where Col2 > 0 order by Col2 desc limit 3"",0),2,1),INDEX('Ultimate Breakdown'!BossLookup,0,2),0)),"""")"),"Yama") -> Yama | J22: =IFERROR(__xludf.DUMMYFUNCTION("IFERROR(INDEX(INDEX('Ultimate Breakdown'!BossLookup,0,1),MATCH(INDEX(QUERY(TRANSPOSE({Table2[[#HEADERS],[TEM]:[TOE]];L22:BN22}),""select Col1 where Col2 > 0 order by Col2 desc limit 3"",0),3,1),INDEX('Ultimate Breakdown'!BossLookup,0,2),0)),"""")"),"Nightmare") -> Nightmare | Z22: 2 | AF22: 1 | AN22: 19 | AO22: 8 | AQ22: 57 | AU22: 231 | AW22: 14 | AX22: 19 | AY22: 15
A23: MiaTheDuck3 | B23: Thunder Crabs | C23: ✅ | E23: 6.12 | F23: =COUNTIF(L23:BN23,">4") -> 10 | G23: =SUM(L23:BN23) -> 230 | H23: =IFERROR(__xludf.DUMMYFUNCTION("IFERROR(INDEX(INDEX('Ultimate Breakdown'!BossLookup,0,1),MATCH(INDEX(QUERY(TRANSPOSE({Table2[[#HEADERS],[TEM]:[TOE]];L23:BN23}),""select Col1 where Col2 > 0 order by Col2 desc limit 3"",0),1,1),INDEX('Ultimate Breakdown'!BossLookup,0,2),0)),"""")"),"Vet'ion") -> Vet'ion | I23: =IFERROR(__xludf.DUMMYFUNCTION("IFERROR(INDEX(INDEX('Ultimate Breakdown'!BossLookup,0,1),MATCH(INDEX(QUERY(TRANSPOSE({$L$3:$BN$3;L23:BN23}),""select Col1 where Col2 > 0 order by Col2 desc limit 3"",0),2,1),INDEX('Ultimate Breakdown'!BossLookup,0,2),0)),"""")"),"Hueycoatl") -> Hueycoatl | J23: =IFERROR(__xludf.DUMMYFUNCTION("IFERROR(INDEX(INDEX('Ultimate Breakdown'!BossLookup,0,1),MATCH(INDEX(QUERY(TRANSPOSE({Table2[[#HEADERS],[TEM]:[TOE]];L23:BN23}),""select Col1 where Col2 > 0 order by Col2 desc limit 3"",0),3,1),INDEX('Ultimate Breakdown'!BossLookup,0,2),0)),"""")"),"Zalcano") -> Zalcano | K23: 7 | N23: 26 | O23: 4 | S23: 71 | V23: 5 | Z23: 14 | AB23: 21 | AC23: 1 | AD23: 6 | AF23: 5 | AM23: 54 | AP23: 18 | BE23: 5
A24: OdinswrathUN | B24: Thunder Crabs | C24: ✅ | E24: 6.72 | F24: =COUNTIF(L24:BN24,">4") -> 6 | G24: =SUM(L24:BN24) -> 191 | H24: =IFERROR(__xludf.DUMMYFUNCTION("IFERROR(INDEX(INDEX('Ultimate Breakdown'!BossLookup,0,1),MATCH(INDEX(QUERY(TRANSPOSE({Table2[[#HEADERS],[TEM]:[TOE]];L24:BN24}),""select Col1 where Col2 > 0 order by Col2 desc limit 3"",0),1,1),INDEX('Ultimate Breakdown'!BossLookup,0,2),0)),"""")"),"Grotesque Guardians") -> Grotesque Guardians | I24: =IFERROR(__xludf.DUMMYFUNCTION("IFERROR(INDEX(INDEX('Ultimate Breakdown'!BossLookup,0,1),MATCH(INDEX(QUERY(TRANSPOSE({$L$3:$BN$3;L24:BN24}),""select Col1 where Col2 > 0 order by Col2 desc limit 3"",0),2,1),INDEX('Ultimate Breakdown'!BossLookup,0,2),0)),"""")"),"Vorkath") -> Vorkath | J24: =IFERROR(__xludf.DUMMYFUNCTION("IFERROR(INDEX(INDEX('Ultimate Breakdown'!BossLookup,0,1),MATCH(INDEX(QUERY(TRANSPOSE({Table2[[#HEADERS],[TEM]:[TOE]];L24:BN24}),""select Col1 where Col2 > 0 order by Col2 desc limit 3"",0),3,1),INDEX('Ultimate Breakdown'!BossLookup,0,2),0)),"""")"),"Scurrius") -> Scurrius | O24: 3 | V24: 7 | Z24: 2 | AB24: 23 | AD24: 36 | AE24: 10 | AM24: 4 | BA24: 100 | BM24: 6
A25: Papi Aksta | B25: Thunder Crabs | C25: ✅ | E25: 59.51 | F25: =COUNTIF(L25:BN25,">4") -> 8 | G25: =SUM(L25:BN25) -> 1217 | H25: =IFERROR(__xludf.DUMMYFUNCTION("IFERROR(INDEX(INDEX('Ultimate Breakdown'!BossLookup,0,1),MATCH(INDEX(QUERY(TRANSPOSE({Table2[[#HEADERS],[TEM]:[TOE]];L25:BN25}),""select Col1 where Col2 > 0 order by Col2 desc limit 3"",0),1,1),INDEX('Ultimate Breakdown'!BossLookup,0,2),0)),"""")"),"Yama") -> Yama | I25: =IFERROR(__xludf.DUMMYFUNCTION("IFERROR(INDEX(INDEX('Ultimate Breakdown'!BossLookup,0,1),MATCH(INDEX(QUERY(TRANSPOSE({$L$3:$BN$3;L25:BN25}),""select Col1 where Col2 > 0 order by Col2 desc limit 3"",0),2,1),INDEX('Ultimate Breakdown'!BossLookup,0,2),0)),"""")"),"Maggot King") -> Maggot King | J25: =IFERROR(__xludf.DUMMYFUNCTION("IFERROR(INDEX(INDEX('Ultimate Breakdown'!BossLookup,0,1),MATCH(INDEX(QUERY(TRANSPOSE({Table2[[#HEADERS],[TEM]:[TOE]];L25:BN25}),""select Col1 where Col2 > 0 order by Col2 desc limit 3"",0),3,1),INDEX('Ultimate Breakdown'!BossLookup,0,2),0)),"""")"),"Commander Zilyana") -> Commander Zilyana | W25: 63 | AA25: 100 | AG25: 325 | AQ25: 412 | BD25: 218 | BE25: 70 | BI25: 14 | BN25: 15
A26: Pavlovs dog | B26: Thunder Crabs | C26: ✅ | E26: 21.96 | F26: =COUNTIF(L26:BN26,">4") -> 16 | G26: =SUM(L26:BN26) -> 1383 | H26: =IFERROR(__xludf.DUMMYFUNCTION("IFERROR(INDEX(INDEX('Ultimate Breakdown'!BossLookup,0,1),MATCH(INDEX(QUERY(TRANSPOSE({Table2[[#HEADERS],[TEM]:[TOE]];L26:BN26}),""select Col1 where Col2 > 0 order by Col2 desc limit 3"",0),1,1),INDEX('Ultimate Breakdown'!BossLookup,0,2),0)),"""")"),"Thermonuclear Smoke Devil") -> Thermonuclear Smoke Devil | I26: =IFERROR(__xludf.DUMMYFUNCTION("IFERROR(INDEX(INDEX('Ultimate Breakdown'!BossLookup,0,1),MATCH(INDEX(QUERY(TRANSPOSE({$L$3:$BN$3;L26:BN26}),""select Col1 where Col2 > 0 order by Col2 desc limit 3"",0),2,1),INDEX('Ultimate Breakdown'!BossLookup,0,2),0)),"""")"),"Cerberus") -> Cerberus | J26: =IFERROR(__xludf.DUMMYFUNCTION("IFERROR(INDEX(INDEX('Ultimate Breakdown'!BossLookup,0,1),MATCH(INDEX(QUERY(TRANSPOSE({Table2[[#HEADERS],[TEM]:[TOE]];L26:BN26}),""select Col1 where Col2 > 0 order by Col2 desc limit 3"",0),3,1),INDEX('Ultimate Breakdown'!BossLookup,0,2),0)),"""")"),"Grotesque Guardians") -> Grotesque Guardians | K26: 5 | M26: 25 | O26: 9 | V26: 69 | Y26: 3 | AB26: 83 | AD26: 12 | AF26: 32 | AI26: 86 | AP26: 65 | AU26: 70 | AV26: 185 | AW26: 1 | AX26: 10 | AY26: 5 | AZ26: 44 | BA26: 135 | BC26: 544 | BE26: 5
A27: Rs Kill King | B27: Thunder Crabs | C27: ✅ | E27: 3.63 | F27: =COUNTIF(L27:BN27,">4") -> 4 | G27: =SUM(L27:BN27) -> 164 | H27: =IFERROR(__xludf.DUMMYFUNCTION("IFERROR(INDEX(INDEX('Ultimate Breakdown'!BossLookup,0,1),MATCH(INDEX(QUERY(TRANSPOSE({Table2[[#HEADERS],[TEM]:[TOE]];L27:BN27}),""select Col1 where Col2 > 0 order by Col2 desc limit 3"",0),1,1),INDEX('Ultimate Breakdown'!BossLookup,0,2),0)),"""")"),"Dagannoth Prime") -> Dagannoth Prime | I27: =IFERROR(__xludf.DUMMYFUNCTION("IFERROR(INDEX(INDEX('Ultimate Breakdown'!BossLookup,0,1),MATCH(INDEX(QUERY(TRANSPOSE({$L$3:$BN$3;L27:BN27}),""select Col1 where Col2 > 0 order by Col2 desc limit 3"",0),2,1),INDEX('Ultimate Breakdown'!BossLookup,0,2),0)),"""")"),"Dagannoth Rex") -> Dagannoth Rex | J27: =IFERROR(__xludf.DUMMYFUNCTION("IFERROR(INDEX(INDEX('Ultimate Breakdown'!BossLookup,0,1),MATCH(INDEX(QUERY(TRANSPOSE({Table2[[#HEADERS],[TEM]:[TOE]];L27:BN27}),""select Col1 where Col2 > 0 order by Col2 desc limit 3"",0),3,1),INDEX('Ultimate Breakdown'!BossLookup,0,2),0)),"""")"),"Dagannoth Supreme") -> Dagannoth Supreme | Y27: 2 | AH27: 2 | AQ27: 11 | AW27: 49 | AX27: 49 | AY27: 49 | BI27: 1 | BK27: 1
A28: sfsd | B28: Thunder Crabs | C28: ✅ | E28: 9.47 | F28: =COUNTIF(L28:BN28,">4") -> 8 | G28: =SUM(L28:BN28) -> 476 | H28: =IFERROR(__xludf.DUMMYFUNCTION("IFERROR(INDEX(INDEX('Ultimate Breakdown'!BossLookup,0,1),MATCH(INDEX(QUERY(TRANSPOSE({Table2[[#HEADERS],[TEM]:[TOE]];L28:BN28}),""select Col1 where Col2 > 0 order by Col2 desc limit 3"",0),1,1),INDEX('Ultimate Breakdown'!BossLookup,0,2),0)),"""")"),"Cerberus") -> Cerberus | I28: =IFERROR(__xludf.DUMMYFUNCTION("IFERROR(INDEX(INDEX('Ultimate Breakdown'!BossLookup,0,1),MATCH(INDEX(QUERY(TRANSPOSE({$L$3:$BN$3;L28:BN28}),""select Col1 where Col2 > 0 order by Col2 desc limit 3"",0),2,1),INDEX('Ultimate Breakdown'!BossLookup,0,2),0)),"""")"),"Zulrah") -> Zulrah | J28: =IFERROR(__xludf.DUMMYFUNCTION("IFERROR(INDEX(INDEX('Ultimate Breakdown'!BossLookup,0,1),MATCH(INDEX(QUERY(TRANSPOSE({Table2[[#HEADERS],[TEM]:[TOE]];L28:BN28}),""select Col1 where Col2 > 0 order by Col2 desc limit 3"",0),3,1),INDEX('Ultimate Breakdown'!BossLookup,0,2),0)),"""")"),"Royal Titans") -> Royal Titans | K28: 5 | N28: 6 | O28: 1 | AC28: 2 | AE28: 140 | AF28: 1 | AM28: 7 | AO28: 2 | AP28: 76 | AQ28: 11 | AS28: 5 | AV28: 180 | BF28: 45
A29: ShermyX | B29: Thunder Crabs | C29: ✅ | E29: 0 | F29: =COUNTIF(L29:BN29,">4") -> 3 | G29: =SUM(L29:BN29) -> 419 | H29: =IFERROR(__xludf.DUMMYFUNCTION("IFERROR(INDEX(INDEX('Ultimate Breakdown'!BossLookup,0,1),MATCH(INDEX(QUERY(TRANSPOSE({Table2[[#HEADERS],[TEM]:[TOE]];L29:BN29}),""select Col1 where Col2 > 0 order by Col2 desc limit 3"",0),1,1),INDEX('Ultimate Breakdown'!BossLookup,0,2),0)),"""")"),"Tempoross") -> Tempoross | I29: =IFERROR(__xludf.DUMMYFUNCTION("IFERROR(INDEX(INDEX('Ultimate Breakdown'!BossLookup,0,1),MATCH(INDEX(QUERY(TRANSPOSE({$L$3:$BN$3;L29:BN29}),""select Col1 where Col2 > 0 order by Col2 desc limit 3"",0),2,1),INDEX('Ultimate Breakdown'!BossLookup,0,2),0)),"""")"),"Guardians of the Rift") -> Guardians of the Rift | J29: =IFERROR(__xludf.DUMMYFUNCTION("IFERROR(INDEX(INDEX('Ultimate Breakdown'!BossLookup,0,1),MATCH(INDEX(QUERY(TRANSPOSE({Table2[[#HEADERS],[TEM]:[TOE]];L29:BN29}),""select Col1 where Col2 > 0 order by Col2 desc limit 3"",0),3,1),INDEX('Ultimate Breakdown'!BossLookup,0,2),0)),"""")"),"Wintertodt") -> Wintertodt | K29: 2 | L29: 352 | M29: 35 | O29: 32
A30: Smokey Dro | B30: Thunder Crabs | C30: ✅ | E30: 29.07 | F30: =COUNTIF(L30:BN30,">4") -> 11 | G30: =SUM(L30:BN30) -> 336 | H30: =IFERROR(__xludf.DUMMYFUNCTION("IFERROR(INDEX(INDEX('Ultimate Breakdown'!BossLookup,0,1),MATCH(INDEX(QUERY(TRANSPOSE({Table2[[#HEADERS],[TEM]:[TOE]];L30:BN30}),""select Col1 where Col2 > 0 order by Col2 desc limit 3"",0),1,1),INDEX('Ultimate Breakdown'!BossLookup,0,2),0)),"""")"),"Araxxor") -> Araxxor | I30: =IFERROR(__xludf.DUMMYFUNCTION("IFERROR(INDEX(INDEX('Ultimate Breakdown'!BossLookup,0,1),MATCH(INDEX(QUERY(TRANSPOSE({$L$3:$BN$3;L30:BN30}),""select Col1 where Col2 > 0 order by Col2 desc limit 3"",0),2,1),INDEX('Ultimate Breakdown'!BossLookup,0,2),0)),"""")"),"Chambers of Xeric") -> Chambers of Xeric | J30: =IFERROR(__xludf.DUMMYFUNCTION("IFERROR(INDEX(INDEX('Ultimate Breakdown'!BossLookup,0,1),MATCH(INDEX(QUERY(TRANSPOSE({Table2[[#HEADERS],[TEM]:[TOE]];L30:BN30}),""select Col1 where Col2 > 0 order by Col2 desc limit 3"",0),3,1),INDEX('Ultimate Breakdown'!BossLookup,0,2),0)),"""")"),"Moons of Peril") -> Moons of Peril | M30: 10 | Z30: 25 | AE30: 2 | AK30: 5 | AM30: 19 | AP30: 17 | AQ30: 23 | AU30: 164 | BI30: 29 | BJ30: 2 | BK30: 8 | BM30: 20 | BN30: 12
A31: Sn0ddy | B31: Thunder Crabs | C31: ✅ | E31: 2.03 | F31: =COUNTIF(L31:BN31,">4") -> 2 | G31: =SUM(L31:BN31) -> 49 | H31: =IFERROR(__xludf.DUMMYFUNCTION("IFERROR(INDEX(INDEX('Ultimate Breakdown'!BossLookup,0,1),MATCH(INDEX(QUERY(TRANSPOSE({Table2[[#HEADERS],[TEM]:[TOE]];L31:BN31}),""select Col1 where Col2 > 0 order by Col2 desc limit 3"",0),1,1),INDEX('Ultimate Breakdown'!BossLookup,0,2),0)),"""")"),"Yama") -> Yama | I31: =IFERROR(__xludf.DUMMYFUNCTION("IFERROR(INDEX(INDEX('Ultimate Breakdown'!BossLookup,0,1),MATCH(INDEX(QUERY(TRANSPOSE({$L$3:$BN$3;L31:BN31}),""select Col1 where Col2 > 0 order by Col2 desc limit 3"",0),2,1),INDEX('Ultimate Breakdown'!BossLookup,0,2),0)),"""")"),"Scurrius") -> Scurrius | J31: =IFERROR(__xludf.DUMMYFUNCTION("IFERROR(INDEX(INDEX('Ultimate Breakdown'!BossLookup,0,1),MATCH(INDEX(QUERY(TRANSPOSE({Table2[[#HEADERS],[TEM]:[TOE]];L31:BN31}),""select Col1 where Col2 > 0 order by Col2 desc limit 3"",0),3,1),INDEX('Ultimate Breakdown'!BossLookup,0,2),0)),"""")"),"Zalcano") -> Zalcano | N31: 3 | AB31: 12 | AE31: 1 | AQ31: 33
A32: Suntj | B32: Thunder Crabs | C32: ✅ | E32: 18.7 | F32: =COUNTIF(L32:BN32,">4") -> 16 | G32: =SUM(L32:BN32) -> 871 | H32: =IFERROR(__xludf.DUMMYFUNCTION("IFERROR(INDEX(INDEX('Ultimate Breakdown'!BossLookup,0,1),MATCH(INDEX(QUERY(TRANSPOSE({Table2[[#HEADERS],[TEM]:[TOE]];L32:BN32}),""select Col1 where Col2 > 0 order by Col2 desc limit 3"",0),1,1),INDEX('Ultimate Breakdown'!BossLookup,0,2),0)),"""")"),"Muspah") -> Muspah | I32: =IFERROR(__xludf.DUMMYFUNCTION("IFERROR(INDEX(INDEX('Ultimate Breakdown'!BossLookup,0,1),MATCH(INDEX(QUERY(TRANSPOSE({$L$3:$BN$3;L32:BN32}),""select Col1 where Col2 > 0 order by Col2 desc limit 3"",0),2,1),INDEX('Ultimate Breakdown'!BossLookup,0,2),0)),"""")"),"Dagannoth Prime") -> Dagannoth Prime | J32: =IFERROR(__xludf.DUMMYFUNCTION("IFERROR(INDEX(INDEX('Ultimate Breakdown'!BossLookup,0,1),MATCH(INDEX(QUERY(TRANSPOSE({Table2[[#HEADERS],[TEM]:[TOE]];L32:BN32}),""select Col1 where Col2 > 0 order by Col2 desc limit 3"",0),3,1),INDEX('Ultimate Breakdown'!BossLookup,0,2),0)),"""")"),"Dagannoth Supreme") -> Dagannoth Supreme | K32: 1 | N32: 13 | R32: 5 | Y32: 13 | AA32: 148 | AB32: 82 | AD32: 35 | AE32: 10 | AI32: 12 | AK32: 111 | AM32: 12 | AQ32: 13 | AW32: 119 | AX32: 108 | AY32: 117 | BA32: 36 | BE32: 37
A33: Swordfish ll | B33: Thunder Crabs | C33: ✅ | E33: 8.22 | F33: =COUNTIF(L33:BN33,">4") -> 4 | G33: =SUM(L33:BN33) -> 334 | H33: =IFERROR(__xludf.DUMMYFUNCTION("IFERROR(INDEX(INDEX('Ultimate Breakdown'!BossLookup,0,1),MATCH(INDEX(QUERY(TRANSPOSE({Table2[[#HEADERS],[TEM]:[TOE]];L33:BN33}),""select Col1 where Col2 > 0 order by Col2 desc limit 3"",0),1,1),INDEX('Ultimate Breakdown'!BossLookup,0,2),0)),"""")"),"Zulrah") -> Zulrah | I33: =IFERROR(__xludf.DUMMYFUNCTION("IFERROR(INDEX(INDEX('Ultimate Breakdown'!BossLookup,0,1),MATCH(INDEX(QUERY(TRANSPOSE({$L$3:$BN$3;L33:BN33}),""select Col1 where Col2 > 0 order by Col2 desc limit 3"",0),2,1),INDEX('Ultimate Breakdown'!BossLookup,0,2),0)),"""")"),"Muspah") -> Muspah | J33: =IFERROR(__xludf.DUMMYFUNCTION("IFERROR(INDEX(INDEX('Ultimate Breakdown'!BossLookup,0,1),MATCH(INDEX(QUERY(TRANSPOSE({Table2[[#HEADERS],[TEM]:[TOE]];L33:BN33}),""select Col1 where Col2 > 0 order by Col2 desc limit 3"",0),3,1),INDEX('Ultimate Breakdown'!BossLookup,0,2),0)),"""")"),"Vorkath") -> Vorkath | AA33: 15 | AD33: 13 | AE33: 299 | AF33: 1 | AP33: 6
A34: The Beaks | B34: Thunder Crabs | C34: ✅ | E34: 17.41 | F34: =COUNTIF(L34:BN34,">4") -> 12 | G34: =SUM(L34:BN34) -> 407 | H34: =IFERROR(__xludf.DUMMYFUNCTION("IFERROR(INDEX(INDEX('Ultimate Breakdown'!BossLookup,0,1),MATCH(INDEX(QUERY(TRANSPOSE({Table2[[#HEADERS],[TEM]:[TOE]];L34:BN34}),""select Col1 where Col2 > 0 order by Col2 desc limit 3"",0),1,1),INDEX('Ultimate Breakdown'!BossLookup,0,2),0)),"""")"),"Zulrah") -> Zulrah | I34: =IFERROR(__xludf.DUMMYFUNCTION("IFERROR(INDEX(INDEX('Ultimate Breakdown'!BossLookup,0,1),MATCH(INDEX(QUERY(TRANSPOSE({$L$3:$BN$3;L34:BN34}),""select Col1 where Col2 > 0 order by Col2 desc limit 3"",0),2,1),INDEX('Ultimate Breakdown'!BossLookup,0,2),0)),"""")"),"Scurrius") -> Scurrius | J34: =IFERROR(__xludf.DUMMYFUNCTION("IFERROR(INDEX(INDEX('Ultimate Breakdown'!BossLookup,0,1),MATCH(INDEX(QUERY(TRANSPOSE({Table2[[#HEADERS],[TEM]:[TOE]];L34:BN34}),""select Col1 where Col2 > 0 order by Col2 desc limit 3"",0),3,1),INDEX('Ultimate Breakdown'!BossLookup,0,2),0)),"""")"),"Vorkath") -> Vorkath | K34: 4 | N34: 11 | O34: 14 | X34: 27 | Y34: 22 | Z34: 7 | AB34: 70 | AC34: 1 | AD34: 38 | AE34: 134 | AF34: 26 | AM34: 26 | AP34: 16 | BM34: 14 | BN34: 1
A35: UK HMRC | B35: Thunder Crabs | C35: ✅ | E35: 14.05 | F35: =COUNTIF(L35:BN35,">4") -> 10 | G35: =SUM(L35:BN35) -> 592 | H35: =IFERROR(__xludf.DUMMYFUNCTION("IFERROR(INDEX(INDEX('Ultimate Breakdown'!BossLookup,0,1),MATCH(INDEX(QUERY(TRANSPOSE({Table2[[#HEADERS],[TEM]:[TOE]];L35:BN35}),""select Col1 where Col2 > 0 order by Col2 desc limit 3"",0),1,1),INDEX('Ultimate Breakdown'!BossLookup,0,2),0)),"""")"),"Grotesque Guardians") -> Grotesque Guardians | I35: =IFERROR(__xludf.DUMMYFUNCTION("IFERROR(INDEX(INDEX('Ultimate Breakdown'!BossLookup,0,1),MATCH(INDEX(QUERY(TRANSPOSE({$L$3:$BN$3;L35:BN35}),""select Col1 where Col2 > 0 order by Col2 desc limit 3"",0),2,1),INDEX('Ultimate Breakdown'!BossLookup,0,2),0)),"""")"),"Mad Angel") -> Mad Angel | J35: =IFERROR(__xludf.DUMMYFUNCTION("IFERROR(INDEX(INDEX('Ultimate Breakdown'!BossLookup,0,1),MATCH(INDEX(QUERY(TRANSPOSE({Table2[[#HEADERS],[TEM]:[TOE]];L35:BN35}),""select Col1 where Col2 > 0 order by Col2 desc limit 3"",0),3,1),INDEX('Ultimate Breakdown'!BossLookup,0,2),0)),"""")"),"Shellbane Gryphon") -> Shellbane Gryphon | K35: 72 | N35: 15 | O35: 32 | V35: 26 | Z35: 49 | AD35: 23 | AF35: 112 | AI35: 4 | AM35: 26 | AP35: 54 | AW35: 1 | AX35: 2 | AY35: 2 | AZ35: 89 | BA35: 153 | BE35: 4
A36: vainqueurs | B36: Thunder Crabs | C36: ✅ | E36: 4.24 | F36: =COUNTIF(L36:BN36,">4") -> 3 | G36: =SUM(L36:BN36) -> 104 | H36: =IFERROR(__xludf.DUMMYFUNCTION("IFERROR(INDEX(INDEX('Ultimate Breakdown'!BossLookup,0,1),MATCH(INDEX(QUERY(TRANSPOSE({Table2[[#HEADERS],[TEM]:[TOE]];L36:BN36}),""select Col1 where Col2 > 0 order by Col2 desc limit 3"",0),1,1),INDEX('Ultimate Breakdown'!BossLookup,0,2),0)),"""")"),"Hueycoatl") -> Hueycoatl | I36: =IFERROR(__xludf.DUMMYFUNCTION("IFERROR(INDEX(INDEX('Ultimate Breakdown'!BossLookup,0,1),MATCH(INDEX(QUERY(TRANSPOSE({$L$3:$BN$3;L36:BN36}),""select Col1 where Col2 > 0 order by Col2 desc limit 3"",0),2,1),INDEX('Ultimate Breakdown'!BossLookup,0,2),0)),"""")"),"Royal Titans") -> Royal Titans | J36: =IFERROR(__xludf.DUMMYFUNCTION("IFERROR(INDEX(INDEX('Ultimate Breakdown'!BossLookup,0,1),MATCH(INDEX(QUERY(TRANSPOSE({Table2[[#HEADERS],[TEM]:[TOE]];L36:BN36}),""select Col1 where Col2 > 0 order by Col2 desc limit 3"",0),3,1),INDEX('Ultimate Breakdown'!BossLookup,0,2),0)),"""")"),"Moons of Peril") -> Moons of Peril | Z36: 10 | AF36: 1 | AM36: 62 | AP36: 31
A37: Y e l l a a | B37: Thunder Crabs | C37: ✅ | E37: 12.37 | F37: =COUNTIF(L37:BN37,">4") -> 12 | G37: =SUM(L37:BN37) -> 701 | H37: =IFERROR(__xludf.DUMMYFUNCTION("IFERROR(INDEX(INDEX('Ultimate Breakdown'!BossLookup,0,1),MATCH(INDEX(QUERY(TRANSPOSE({Table2[[#HEADERS],[TEM]:[TOE]];L37:BN37}),""select Col1 where Col2 > 0 order by Col2 desc limit 3"",0),1,1),INDEX('Ultimate Breakdown'!BossLookup,0,2),0)),"""")"),"Abyssal Sire") -> Abyssal Sire | I37: =IFERROR(__xludf.DUMMYFUNCTION("IFERROR(INDEX(INDEX('Ultimate Breakdown'!BossLookup,0,1),MATCH(INDEX(QUERY(TRANSPOSE({$L$3:$BN$3;L37:BN37}),""select Col1 where Col2 > 0 order by Col2 desc limit 3"",0),2,1),INDEX('Ultimate Breakdown'!BossLookup,0,2),0)),"""")"),"Cerberus") -> Cerberus | J37: =IFERROR(__xludf.DUMMYFUNCTION("IFERROR(INDEX(INDEX('Ultimate Breakdown'!BossLookup,0,1),MATCH(INDEX(QUERY(TRANSPOSE({Table2[[#HEADERS],[TEM]:[TOE]];L37:BN37}),""select Col1 where Col2 > 0 order by Col2 desc limit 3"",0),3,1),INDEX('Ultimate Breakdown'!BossLookup,0,2),0)),"""")"),"Kraken") -> Kraken | K37: 2 | N37: 23 | O37: 24 | V37: 3 | AC37: 4 | AE37: 41 | AP37: 15 | AS37: 270 | AT37: 16 | AV37: 162 | AW37: 12 | AX37: 12 | AY37: 14 | BB37: 98 | BC37: 1 | BE37: 6
A39: Abyssal Sire | B39: SIR
A40: Alchemical Hydra | B40: HYD
A41: Araxxor | B41: ARX
A42: Artio | B42: ART
A43: Barrows Brothers | B43: BAR
A44: Callisto | B44: CAL
A45: Calvari'ion | B45: CLV
A46: Cerberus | B46: CER
A47: Chambers of Xeric | B47: COX
A48: Chambers of Xeric: Challenge Mode | B48: CXC
A49: Commander Zilyana | B49: ZIL
A50: Corporeal Beast | B50: CRP
... A93: Zulrah | B93: ZUL
E94: =SUM(Table2[EHB Gain]) -> 414.03 | J94: TOTALS: | K94: =SUM(K4:K37) -> 198 | L94: =SUM(L4:L37) -> 449 | M94: =SUM(M4:M37) -> 268 | N94: =SUM(N4:N37) -> 265 | O94: =SUM(O4:O37) -> 155 | P94: =SUM(P4:P37) -> 62 | Q94: =SUM(Q4:Q37) -> 8 | R94: =SUM(R4:R37) -> 112 | ... BN94: =SUM(BN4:BN37) -> 47
